number,contract_name,name,address,position,banking,bonus,bike_stands,available_bike_stands,available_bikes,status,last_update,timestamp
2010,lyon,2010 - CONFLUENCE / DARSE,ANGLE ALLEE ANDRE MURE ET QUAI ANTOINE RIBOUD,"{'lat': 45.743317, 'lng': 4.815747}",False,False,22,11,11,OPEN,1748880868000,2025-06-02 16:15:05
5015,lyon,5015 - FULCHIRON,Devant le n°41 rue de la Quarantaine,"{'lat': 45.75197, 'lng': 4.821662}",False,False,19,17,2,OPEN,1748880828000,2025-06-02 16:15:05
32001,lyon,32001 - COUZON - CENTRE,,"{'lat': 45.846034, 'lng': 4.832409}",False,False,17,2,15,OPEN,1748880780000,2025-06-02 16:15:05
6004,lyon,6004 - FOCH,Angle rue Vendôme,"{'lat': 45.768896, 'lng': 4.844845}",False,False,20,17,2,OPEN,1748880701000,2025-06-02 16:15:05
7035,lyon,7035 - MARSEILLE / UNIVERSITÉ,Angle rue de Marseille,"{'lat': 45.750945, 'lng': 4.83927}",False,False,40,20,20,OPEN,1748880869000,2025-06-02 16:15:05
10120,lyon,10120 - SALENGRO / DESCARTES,41 AV. ROGER SALENGRO (VILLEURBANNE),"{'lat': 45.776239, 'lng': 4.871634}",False,False,15,13,2,OPEN,1748880801000,2025-06-02 16:15:05
5016,lyon,5016 - POINT DU JOUR / GRANGES,Devant la mairie du 5°,"{'lat': 45.756204, 'lng': 4.802727}",False,False,13,7,6,OPEN,1748880822000,2025-06-02 16:15:05
9013,lyon,9013 - QUAI PAUL SÉDALLIAN,Angle rue de la Navigation,"{'lat': 45.787522, 'lng': 4.814418}",False,False,20,14,6,OPEN,1748880816000,2025-06-02 16:15:05
10028,lyon,10028 - ECOLE DE MUSIQUE,Cours de la République/Angle Anatole France,"{'lat': 45.767467, 'lng': 4.874032}",False,False,24,7,16,OPEN,1748880866000,2025-06-02 16:15:05
6041,lyon,6041 - CITÉ INTERNATIONALE / TÊTE D'OR NORD,50 QUAI ACHILLE LIGNON,"{'lat': 45.78458, 'lng': 4.859664}",False,False,22,13,9,OPEN,1748880722000,2025-06-02 16:15:05
15002,lyon,15002 - ST PRIEST - CITE BERLIET,,"{'lat': 45.70597, 'lng': 4.900886}",False,False,20,12,8,OPEN,1748880586000,2025-06-02 16:15:05
10005,lyon,10005 - 11 NOVEMBRE,Face Entrée du Parc de la Tête d'Or**,"{'lat': 45.779702, 'lng': 4.860029}",False,False,35,15,20,OPEN,1748880827000,2025-06-02 16:15:05
4012,lyon,4012 - PLACE ADRIEN GODIEN,Angle montée de la Boucle,"{'lat': 45.778767, 'lng': 4.841109}",False,False,30,9,21,OPEN,1748880869000,2025-06-02 16:15:05
11004,lyon,11004 - CALUIRE - BRANLY / PASTEUR,,"{'lat': 45.79169, 'lng': 4.843452}",False,False,15,0,14,OPEN,1748880796000,2025-06-02 16:15:05
16002,lyon,16002 - VÉNISSIEUX - LÉVY / VIENNE,,"{'lat': 45.719399, 'lng': 4.854681}",False,False,18,14,4,OPEN,1748880858000,2025-06-02 16:15:05
3009,lyon,3009 - MUSEE AFRICAIN,133 COURS GAMBETTA,"{'lat': 45.750251, 'lng': 4.857919}",False,False,22,17,4,OPEN,1748880867000,2025-06-02 16:15:05
10122,lyon,10122 - VERDUN / DESGRAND,17 RUE DE VERDUN (VILLEURBANNE),"{'lat': 45.784023, 'lng': 4.897102}",False,False,21,19,2,OPEN,1748880858000,2025-06-02 16:15:05
16001,lyon,16001 - VENISSIEUX - PLACE ROMAND,,"{'lat': 45.725891, 'lng': 4.858428}",False,False,20,8,12,OPEN,1748880712000,2025-06-02 16:15:05
10091,lyon,10091 - CHÂTEAU GAILLARD / FORT,28 RUE DU CHÂTEAU GAILLARD (VILLEURBANNE),"{'lat': 45.774754, 'lng': 4.887977}",False,False,16,10,6,OPEN,1748880848000,2025-06-02 16:15:05
2021,lyon,2021 - RAMBAUD / ECOLE DU CINÉMA,,"{'lat': 45.745824, 'lng': 4.817176}",False,False,30,23,7,OPEN,1748880868000,2025-06-02 16:15:05
4025,lyon,4025 - CHAZIÈRE,29 RUE CHAZIERE,"{'lat': 45.775425, 'lng': 4.817888}",False,False,20,5,12,OPEN,1748880709000,2025-06-02 16:15:05
10113,lyon,10113 - GARE DE VILLEURBANNE,49 AV. GENERAL LECLERC (VILLEURBANNE),"{'lat': 45.755768, 'lng': 4.891542}",False,False,22,19,2,OPEN,1748880756000,2025-06-02 16:15:05
4023,lyon,4023 - PONT MASARYK,Face au 45 quai Gillet,"{'lat': 45.778175, 'lng': 4.810716}",False,False,22,12,9,OPEN,1748880742000,2025-06-02 16:15:05
3066,lyon,3066 - KIMMERLING / FAURE,139 AV. FELIX FAURE,"{'lat': 45.754296, 'lng': 4.86359}",False,False,19,18,0,OPEN,1748880820000,2025-06-02 16:15:05
10111,lyon,10111 - CHARLES HERNU,,"{'lat': 45.770309, 'lng': 4.86196}",False,False,20,10,5,OPEN,1748880524000,2025-06-02 16:15:05
5040,lyon,5040 - PLACE CRÉPU,7 PLACE BENOIT CREPU,"{'lat': 45.757847, 'lng': 4.826103}",False,False,20,14,6,OPEN,1748880676000,2025-06-02 16:15:05
7008,lyon,7008 - JEAN JAURÈS / GUILLOTIÈRE,Avenue Jean Jaurès - Angle rue de la Guillotière,"{'lat': 45.75251, 'lng': 4.846278}",False,False,10,7,2,OPEN,1748880803000,2025-06-02 16:15:05
7024,lyon,7024 - BANCEL / CHEVREUL,6 RUE BANCEL,"{'lat': 45.748504, 'lng': 4.840505}",False,False,21,13,8,OPEN,1748880867000,2025-06-02 16:15:05
2023,lyon,2023 -  PERRACHE / PETIT,Entre rue Victor Hugo et rue d'Auvergne,"{'lat': 45.7444746076792, 'lng': 4.82671963006449}",False,False,18,14,4,OPEN,1748880809000,2025-06-02 16:15:05
4004,lyon,4004 - HÉNON,Angle rue Hénon,"{'lat': 45.779786, 'lng': 4.827635}",False,False,22,10,5,OPEN,1748880857000,2025-06-02 16:15:05
8061,lyon,8061 - STADE VUILLERMET,164 AV. PAUL SANTY,"{'lat': 45.725403, 'lng': 4.881292}",False,False,18,9,9,OPEN,1748880833000,2025-06-02 16:15:05
1023,lyon,1023 - CROIX ROUSSE / PERFETTI,16 BVD DE LA CROIX-ROUSSE,"{'lat': 45.772229, 'lng': 4.819389}",False,False,20,16,3,OPEN,1748880786000,2025-06-02 16:15:05
7003,lyon,7003 - GAMBETTA / GARIBALDI,Cours Gambette - Prolongement rue Rachais,"{'lat': 45.751827, 'lng': 4.8526}",False,False,40,27,11,OPEN,1748880850000,2025-06-02 16:15:05
7030,lyon,7030 - QUARTIER GENERAL FRERE,33 Boulevard Yves Farge 69007 Lyon,"{'lat': 45.743163, 'lng': 4.834165}",False,False,30,10,20,OPEN,1748880843000,2025-06-02 16:15:05
6042,lyon,6042 - CITÉ INTERNATIONALE / RÉSIDENCE HÔTELIÈRE,devant la résidence hôtelière à l'ouest de la place publique,"{'lat': 45.784812, 'lng': 4.856432}",False,False,28,17,11,OPEN,1748880504000,2025-06-02 16:15:05
2013,lyon,2013 - CÉLESTINS,"Côté nord de la place, vers l'ascenseur","{'lat': 45.759932, 'lng': 4.832111}",False,False,22,0,19,OPEN,1748880588000,2025-06-02 16:15:05
3086,lyon,3086 - FEUILLAT / LACASSAGNE,76 AV. LACASSAGNE,"{'lat': 45.749563, 'lng': 4.875934}",False,False,16,16,0,OPEN,1748880633000,2025-06-02 16:15:05
8025,lyon,8025 - DUMONT / JOUVET,12 RUE SANTOS DUMONT,"{'lat': 45.744447, 'lng': 4.860889}",False,False,17,2,15,OPEN,1748880836000,2025-06-02 16:15:05
3050,lyon,3050 - FRICHE RVI,5 rue Félix Rollet 69003 Lyon,"{'lat': 45.748346, 'lng': 4.875955}",False,False,20,20,0,OPEN,1748880476000,2025-06-02 16:15:05
8056,lyon,8056 - DELORE / AUDIBERT ET LAVIROTTE,69 RUE AUDIBERT ET LAVIROTTE,"{'lat': 45.73586, 'lng': 4.856888}",False,False,18,13,5,OPEN,1748880863000,2025-06-02 16:15:05
10119,lyon,10119 - VILLEURBANNE SAINT-JEAN,2 RUE DES ACACIAS VILLEURBANNE,"{'lat': 45.780422, 'lng': 4.904505}",True,False,12,3,8,OPEN,1748880686000,2025-06-02 16:15:05
7053,lyon,7053 - JAURÈS / THIBAUDIÈRE,26 RUE DE LA THIBAUDIERE,"{'lat': 45.750344, 'lng': 4.845048}",False,False,28,13,15,OPEN,1748880702000,2025-06-02 16:15:05
3012,lyon,3012 - PLACE DU CHÂTEAU,A côté de l'église,"{'lat': 45.749565, 'lng': 4.887311}",False,False,25,19,6,OPEN,1748880472000,2025-06-02 16:15:05
4009,lyon,4009 - JACQUARD / DENFERT-ROCHEREAU,Rue Denfert-Rochereau / Angle rue Jacquart,"{'lat': 45.77591, 'lng': 4.825394}",False,False,14,6,7,OPEN,1748880875000,2025-06-02 16:15:05
10089,lyon,10089 - COLIN / PERRONCEL,Rue Colin - Angle rue Alexis Perroncel,"{'lat': 45.774581, 'lng': 4.87406}",False,False,15,2,13,OPEN,1748880821000,2025-06-02 16:15:05
1031,lyon,1031 - PLACE DE LA PAIX,Place de la Paix - En face de La Poste,"{'lat': 45.768023, 'lng': 4.831733}",False,False,20,16,3,OPEN,1748880872000,2025-06-02 16:15:05
3037,lyon,3037 - PAUL BERT / GARIBALDI,Rue Paul Bert,"{'lat': 45.757112, 'lng': 4.853405}",False,False,21,13,7,OPEN,1748880758000,2025-06-02 16:15:05
8035,lyon,8035 - SANS SOUCI,54 COURS ALBERT THOMAS,"{'lat': 45.747251, 'lng': 4.865386}",False,False,20,16,3,OPEN,1748880789000,2025-06-02 16:15:05
5045,lyon,5045 - VALDO / RIVET,64 RUE JEUNET,"{'lat': 45.750497, 'lng': 4.788819}",False,False,18,16,2,OPEN,1748880535000,2025-06-02 16:15:05
13001,lyon,13001 - DECINES - CENTRE,,"{'lat': 45.771902, 'lng': 4.955721}",False,False,20,7,13,OPEN,1748880730000,2025-06-02 16:15:05
6035,lyon,6035 - CITÉ INTERNATIONALE,Face parvis du palais des congrès,"{'lat': 45.785456, 'lng': 4.854085}",False,False,21,7,14,OPEN,1748880844000,2025-06-02 16:15:05
1036,lyon,1036 - AVEYRON,158 BVD DE LA CROIX-ROUSSE,"{'lat': 45.774366, 'lng': 4.832716}",False,False,17,1,15,OPEN,1748880799000,2025-06-02 16:15:05
6022,lyon,6022 - PLACE MARÉCHAL LYAUTEY,Pierre Corneille/cours Franklin Roosevelt,"{'lat': 45.769383, 'lng': 4.842364}",False,False,20,14,6,OPEN,1748880767000,2025-06-02 16:15:05
9020,lyon,9020 - BOURBONNAIS,Angle rue Horand / rue Masset,"{'lat': 45.773468, 'lng': 4.800286}",False,False,12,2,10,OPEN,1748880834000,2025-06-02 16:15:05
2027,lyon,2027 - PERRACHE EST,,"{'lat': 45.746163, 'lng': 4.82548}",False,False,20,17,3,OPEN,1748880754000,2025-06-02 16:15:05
2016,lyon,2016 - PLACE REGAUD,Angle rue Tupin / rue Herriot,"{'lat': 45.763065, 'lng': 4.83425}",True,False,12,7,5,OPEN,1748880856000,2025-06-02 16:15:05
3080,lyon,3080 - PART-DIEU / VILLETTE,55 RUE DE LA VILLETTE,"{'lat': 45.760042, 'lng': 4.861734}",True,False,30,28,1,OPEN,1748880693000,2025-06-02 16:15:05
5029,lyon,5029 - PLACE GERSON,Prox. Quai Pierre Scize,"{'lat': 45.767057, 'lng': 4.827014}",False,False,20,11,8,OPEN,1748880762000,2025-06-02 16:15:05
2004,lyon,2004 - PERRACHE / CARNOT,16 PLACE CARNOT,"{'lat': 45.750116, 'lng': 4.82801}",False,False,18,4,13,OPEN,1748880696000,2025-06-02 16:15:05
14001,lyon,14001 - BRON - CENTRE NAUTIQUE,,"{'lat': 45.742932, 'lng': 4.90863}",False,False,13,3,10,OPEN,1748880781000,2025-06-02 16:15:05
7009,lyon,7009 - JEAN JAURÈS,174–180 Avenue Jean Jaurès 69007 Lyon,"{'lat': 45.737503, 'lng': 4.837484}",False,False,16,10,6,OPEN,1748880774000,2025-06-02 16:15:05
7045,lyon,7045 - PARC DES BERGES,40 AV. LECLERC,"{'lat': 45.737745, 'lng': 4.824495}",False,False,25,10,10,OPEN,1748880763000,2025-06-02 16:15:05
3101,lyon,3101 - PATINOIRE BARABAN,55 RUE DE BARABAN,"{'lat': 45.762055, 'lng': 4.868486}",False,False,20,13,6,OPEN,1748880731000,2025-06-02 16:15:05
4021,lyon,4021 - TABAREAU,Angle Bvd de la Croix-Rousse,"{'lat': 45.774061, 'lng': 4.82516}",False,False,10,6,3,OPEN,1748880808000,2025-06-02 16:15:05
3103,lyon,3103 - PLACE DANTON,3 PLACE DANTON,"{'lat': 45.7548502313005, 'lng': 4.85748756866509}",False,False,18,9,8,OPEN,1748880847000,2025-06-02 16:15:05
6031,lyon,6031 - LAFAYETTE / CORNEILLE,Angle cours Lafayette,"{'lat': 45.763717, 'lng': 4.843791}",False,False,13,9,2,OPEN,1748880783000,2025-06-02 16:15:05
10018,lyon,10018 - TOLSTOÏ / FLORIAN,"118 COURS TOLSTOI
69100 VILLEURBANNE","{'lat': 45.7618786774588, 'lng': 4.88106205566506}",False,False,24,12,12,OPEN,1748880802000,2025-06-02 16:15:05
9049,lyon,9049 - SERGENT BERTHET / GORGE DE LOUP,23 RUE GORGE DE LOUP,"{'lat': 45.770136, 'lng': 4.80516}",False,False,16,15,0,OPEN,1748880396000,2025-06-02 16:15:05
3017,lyon,3017 - SAXE / DUNOIR,,"{'lat': 45.760912, 'lng': 4.845291}",False,False,37,35,0,OPEN,1748880835000,2025-06-02 16:15:05
9009,lyon,9009 - BERLIOZ / CHALINEL,,"{'lat': 45.801192, 'lng': 4.825451}",False,False,15,11,4,OPEN,1748880568000,2025-06-02 16:15:05
10021,lyon,10021 - GRANDCLÉMENT,Angle cours Tolstoï,"{'lat': 45.759743, 'lng': 4.889938}",False,False,19,15,3,OPEN,1748880870000,2025-06-02 16:15:05
7023,lyon,7023 - BERTHELOT / ROUTE DE VIENNE,Route de Vienne - Angle avenue Berthelot,"{'lat': 45.742639, 'lng': 4.850538}",False,False,15,12,3,OPEN,1748880734000,2025-06-02 16:15:05
6044,lyon,6044 - CHARMETTES / BELLECOMBE,23 RUE DE LA VIABERT,"{'lat': 45.766372, 'lng': 4.865058}",False,False,16,0,0,CLOSED,1743749560000,2025-06-02 16:15:05
3008,lyon,3008 - INSTITUT LUMIERE,105 COURS ALBERT THOMAS,"{'lat': 45.745828, 'lng': 4.870631}",False,False,18,18,0,OPEN,1748880519000,2025-06-02 16:15:05
8042,lyon,8042 - FRANCIS DE PRESSENSÉ,73 RUE CAZENEUVE,"{'lat': 45.731361, 'lng': 4.860139}",False,False,22,9,13,OPEN,1748880807000,2025-06-02 16:15:05
9044,lyon,9044 - MASSET / SAINT-PIERRE DE VAISE,20 AV. JOANNES MASSET,"{'lat': 45.770508, 'lng': 4.800869}",False,False,16,5,10,OPEN,1748880861000,2025-06-02 16:15:05
28001,lyon,28001 - FONTAINES S/S - QUAI SIMON,,"{'lat': 45.832495, 'lng': 4.848795}",False,False,20,13,7,OPEN,1748880866000,2025-06-02 16:15:05
10075,lyon,10075 - GABRIEL PÉRI,Angle cours André Philip,"{'lat': 45.772277, 'lng': 4.865774}",False,False,12,5,7,OPEN,1748880791000,2025-06-02 16:15:05
4006,lyon,4006 - PHILIPPE DE LASSALLE,"Angle rue Anselme, face à l'IUFM","{'lat': 45.773358, 'lng': 4.821234}",False,False,23,4,17,OPEN,1748880637000,2025-06-02 16:15:05
6017,lyon,6017 - LAFAYETTE / INKERMANN,,"{'lat': 45.764062, 'lng': 4.865802}",False,False,30,12,17,OPEN,1748880874000,2025-06-02 16:15:05
2036,lyon,2036 - PLACE ANTONIN GOURJU,11 PLACE ANTONIN GOURJU,"{'lat': 45.759494, 'lng': 4.830161}",False,False,30,18,12,OPEN,1748880812000,2025-06-02 16:15:05
6002,lyon,6002 - PORTE DES ENFANTS DU RHÔNE,"Le long des grilles, côté ouest de la porte","{'lat': 45.777521, 'lng': 4.844922}",True,False,40,30,10,OPEN,1748880732000,2025-06-02 16:15:05
6032,lyon,6032 - PRÉFECTURE / SARRAIL,Angle rue Vauban,"{'lat': 45.764821, 'lng': 4.841567}",False,False,20,5,13,OPEN,1748880705000,2025-06-02 16:15:05
8055,lyon,8055 - SAINT-ROMAIN / BERLIET,,"{'lat': 45.74222, 'lng': 4.860219}",False,False,20,7,12,OPEN,1748880513000,2025-06-02 16:15:05
7033,lyon,7033 - SAINT-LUC / SAINT-JOSEPH,Sur le quai haut,"{'lat': 45.749431, 'lng': 4.834816}",False,False,33,31,2,OPEN,1748880817000,2025-06-02 16:15:05
10016,lyon,10016 - PLACE DE LA PAIX,10 PLACE DE LA PAIX (VILLEURBANNE),"{'lat': 45.752074, 'lng': 4.91466}",False,False,17,11,6,OPEN,1748880672000,2025-06-02 16:15:05
7041,lyon,7041 - DOMER / CHEVREUL,Rue Domer/angle rue Chevreul,"{'lat': 45.746681, 'lng': 4.844455}",False,False,12,4,8,OPEN,1748880807000,2025-06-02 16:15:05
3090,lyon,3090 - VINATIER,,"{'lat': 45.741922, 'lng': 4.894068}",False,False,20,17,1,OPEN,1748880865000,2025-06-02 16:15:05
8008,lyon,8008 - BEAUVISAGE / PRESSENSÉ,Rue du Professeur Beauvisage,"{'lat': 45.727881, 'lng': 4.86355}",False,False,17,11,6,OPEN,1748880723000,2025-06-02 16:15:05
3071,lyon,3071 - BIOPARC,angle ave Rockfeller / cours Eugénie face au Bioparc,"{'lat': 45.740492, 'lng': 4.888084}",False,False,20,19,0,OPEN,1748880462000,2025-06-02 16:15:05
5006,lyon,5006 - QUAI ROMAIN ROLLAND,Face ancien Palais de Justice,"{'lat': 45.7620452080746, 'lng': 4.82872732991442}",True,False,17,15,1,OPEN,1748880806000,2025-06-02 16:15:05
10014,lyon,10014 - LAURENT BONNEVAY / ASTROBALLE,64 AV. MARCEL CERDAN,"{'lat': 45.765214, 'lng': 4.909808}",False,False,28,6,22,OPEN,1748880791000,2025-06-02 16:15:05
10004,lyon,10004 - TONKIN,Rue Salvador Allende / Angle promenade du Lys,"{'lat': 45.776217, 'lng': 4.862636}",False,False,10,0,0,CLOSED,1748880777000,2025-06-02 16:15:05
1013,lyon,1013 - MARTINIÈRE,Rue de la Martinière,"{'lat': 45.768223, 'lng': 4.827533}",False,False,11,3,7,OPEN,1748880843000,2025-06-02 16:15:05
26001,lyon,26001 - ST DIDIER,,"{'lat': 45.791621, 'lng': 4.808426}",False,False,17,4,13,OPEN,1748880715000,2025-06-02 16:15:05
6028,lyon,6028 - RÉCAMIER / TÊTE D'OR,Angle rue Tête d'Or,"{'lat': 45.764345, 'lng': 4.853492}",False,False,16,12,3,OPEN,1748880720000,2025-06-02 16:15:05
10034,lyon,10034 - DOCTEUR DAMIDOT,Devant la MJC,"{'lat': 45.761825, 'lng': 4.886156}",False,False,18,6,10,OPEN,1748880776000,2025-06-02 16:15:05
3058,lyon,3058 - PLACE DU LAC,Face à la poste,"{'lat': 45.758974, 'lng': 4.853599}",False,False,19,19,0,OPEN,1748880639000,2025-06-02 16:15:05
6045,lyon,6045 - BROTTEAUX / VAUBAN,44 BVD DES BROTTEAUX,"{'lat': 45.766284, 'lng': 4.856848}",False,False,15,0,14,OPEN,1748880776000,2025-06-02 16:15:05
5047,lyon,5047 - ALBÉRIC PONT,2B RUE DR. ALBERIC PONT,"{'lat': 45.753452, 'lng': 4.804401}",False,False,16,15,1,OPEN,1748880581000,2025-06-02 16:15:05
8053,lyon,8053 - LUMIERE / TROUILHET,6 RUE ANTOINE LUMIERE,"{'lat': 45.743569, 'lng': 4.870083}",False,False,16,11,4,OPEN,1748880864000,2025-06-02 16:15:05
9008,lyon,9008 - L'ILE BARBE,3 QUAI PAUL SEDAILLAN,"{'lat': 45.797415, 'lng': 4.829038}",False,False,16,0,14,OPEN,1748880829000,2025-06-02 16:15:05
9046,lyon,9046 - MANGINI,,"{'lat': 45.790414, 'lng': 4.816359}",False,False,24,13,11,OPEN,1748880653000,2025-06-02 16:15:05
4042,lyon,4042 - GREGORY COUPET,94 RUE PHILIPPE DE LASALLE,"{'lat': 45.781699, 'lng': 4.820596}",False,False,16,3,10,OPEN,1748880771000,2025-06-02 16:15:05
10053,lyon,10053 - ROSSELINI / 11 NOVEMBRE,Bd du 11 novembre angle av. Claude Bernard,"{'lat': 45.77939, 'lng': 4.863068}",False,False,30,11,17,OPEN,1748880840000,2025-06-02 16:15:05
6039,lyon,6039 - GARIBALDI / BUGEAUD,,"{'lat': 45.766708, 'lng': 4.852073}",False,False,20,10,10,OPEN,1748880868000,2025-06-02 16:15:05
10110,lyon,10110 - MÉMOIRE ET SOCIÉTÉ,20 RUE VALENTIN HAUY (VILLEURBANNE),"{'lat': 45.75958, 'lng': 4.882739}",False,False,24,16,8,OPEN,1748880869000,2025-06-02 16:15:05
6021,lyon,6021 - GARIBALDI,Entre rue Crillon et rue Sully,"{'lat': 45.770664, 'lng': 4.849946}",False,False,11,4,6,OPEN,1748880871000,2025-06-02 16:15:05
5053,lyon,5053 - SAINT-JUST,1 PLACE DE L'ABBE LARUE,"{'lat': 45.75597, 'lng': 4.818904}",False,False,18,9,8,OPEN,1748880774000,2025-06-02 16:15:05
8058,lyon,8058 - LONGEFER / KRUGER,10 RUE PDT P. KRUGER,"{'lat': 45.738671, 'lng': 4.878117}",False,False,16,11,5,OPEN,1748880772000,2025-06-02 16:15:05
2037,lyon,2037 - PLACE DES ARCHIVES,12 COURS CHARLEMAGNE,"{'lat': 45.747956, 'lng': 4.824898}",False,False,40,27,12,OPEN,1748880846000,2025-06-02 16:15:05
14004,lyon,14004 - BRON - MAIRIE,,"{'lat': 45.73403, 'lng': 4.908777}",False,False,23,8,15,OPEN,1748880712000,2025-06-02 16:15:05
2026,lyon,2026 - RÉPUBLIQUE / PAUFIQUE,Angle rue de la République,"{'lat': 45.759379, 'lng': 4.835414}",False,False,28,5,23,OPEN,1748880869000,2025-06-02 16:15:05
22001,lyon,22001 - STE FOY - PLACE ST LUC,,"{'lat': 45.749588, 'lng': 4.800967}",False,False,15,10,5,OPEN,1748880677000,2025-06-02 16:15:05
9003,lyon,9003 - PLACE VALMY,Rue Roquette / angle rue de Bourgogne,"{'lat': 45.775679, 'lng': 4.805314}",False,False,16,16,0,OPEN,1748880392000,2025-06-02 16:15:05
2038,lyon,2038 - REMPARTS D'AINAY,16 RUE DES REMPARTS D'AINAY,"{'lat': 45.753077, 'lng': 4.829706}",False,False,24,10,14,OPEN,1748880717000,2025-06-02 16:15:05
8054,lyon,8054 - MARTINIÈRE / MONPLAISIR,34 RUE ANTOINE LUMIERE,"{'lat': 45.740865, 'lng': 4.868244}",False,False,20,15,4,OPEN,1748880788000,2025-06-02 16:15:05
7039,lyon,7039 - GUILLOTIÈRE / MADELEINE,Angle rue de la Madeleine,"{'lat': 45.751073, 'lng': 4.848018}",False,False,10,0,10,OPEN,1748880855000,2025-06-02 16:15:05
2012,lyon,2012 - GAILLETON,3 PLACE GAILLETON,"{'lat': 45.753455, 'lng': 4.833367}",False,False,16,4,11,OPEN,1748880829000,2025-06-02 16:15:05
7006,lyon,7006 - GERLAND,Avenue Jean Jaurès - Au niveau du square Galtier,"{'lat': 45.727494, 'lng': 4.831145}",False,False,40,39,1,OPEN,1748880840000,2025-06-02 16:15:05
8023,lyon,8023 - MERMOZ / PINEL,,"{'lat': 45.730788, 'lng': 4.887513}",False,False,23,23,0,OPEN,1748880459000,2025-06-02 16:15:05
8011,lyon,8011 - PLACE LEBRET,Côté route de Vienne,"{'lat': 45.735653, 'lng': 4.853042}",False,False,14,0,14,OPEN,1748880835000,2025-06-02 16:15:05
1006,lyon,1006- SUBSISTANCES,12 QUAI ST VINCENT,"{'lat': 45.767912, 'lng': 4.819872}",False,False,22,13,9,OPEN,1748880855000,2025-06-02 16:15:05
4002,lyon,4002 - MAIRIE DU 4E,Devant la mairie du 4°,"{'lat': 45.774193, 'lng': 4.827743}",True,False,20,1,16,OPEN,1748880450000,2025-06-02 16:15:05
20003,lyon,20003 - OULLINS - PONT BLANC,,"{'lat': 45.720156, 'lng': 4.798426}",False,False,24,13,10,OPEN,1748880480000,2025-06-02 16:15:05
3081,lyon,3081 - PART-DIEU / FRANCFORT,44 RUE MAURICE FLANDIN 69003 LYON,"{'lat': 45.760689, 'lng': 4.863069}",False,False,28,27,0,OPEN,1748880835000,2025-06-02 16:15:05
4007,lyon,4007 - PLACE FLAMMARION,Côté Rue Philippe de Lassalle,"{'lat': 45.779332, 'lng': 4.820259}",False,False,18,14,3,OPEN,1748880352000,2025-06-02 16:15:05
30002,lyon,30002 - RILLIEUX - LOUP PENDU,,"{'lat': 45.815973, 'lng': 4.887019}",False,False,18,13,4,OPEN,1748880849000,2025-06-02 16:15:05
10092,lyon,10092 - MONTGOLFIER / CHATEAU GAILLARD,3 RUE DU CHAMP DE L'ORME (VILLEURBANNE),"{'lat': 45.771561, 'lng': 4.890378}",False,False,17,11,5,OPEN,1748880828000,2025-06-02 16:15:05
16011,lyon,16011 - VENISSIEUX - FARGE / CLOCHETTES,Boulevard Yves Farges angle rue des Clochettes 69200 Vénissieux,"{'lat': 45.697423, 'lng': 4.858227}",False,False,12,0,0,CLOSED,1748880848000,2025-06-02 16:15:05
10024,lyon,10024 - MAISONS NEUVES,Place des Maisons Neuves/Côté rue Jean Jaurès,"{'lat': 45.755988, 'lng': 4.877409}",False,False,23,11,10,OPEN,1748880848000,2025-06-02 16:15:05
1034,lyon,1034 - CARMÉLITES,30 MONTEE DES CARMELITES,"{'lat': 45.770006, 'lng': 4.829274}",False,False,16,14,1,OPEN,1748880584000,2025-06-02 16:15:05
3013,lyon,3013 - PLACE ANTOINETTE,Place Antoinette,"{'lat': 45.753683, 'lng': 4.889285}",False,False,21,12,7,OPEN,1748880632000,2025-06-02 16:15:05
10008,lyon,10008 - SALENGRO / VAILLANT,Rue Roger Salengro - Angle rue Vaillant,"{'lat': 45.778385, 'lng': 4.879673}",False,False,24,12,11,OPEN,1748880738000,2025-06-02 16:15:05
3083,lyon,3083 - LES HALLES,118 RUE MONCEY,"{'lat': 45.761595, 'lng': 4.850477}",False,False,18,15,3,OPEN,1748880857000,2025-06-02 16:15:05
6024,lyon,6024 - TRONCHET / ANATOLE FRANCE,Angle bvd Anatole France,"{'lat': 45.770743, 'lng': 4.856713}",False,False,10,1,9,OPEN,1748880708000,2025-06-02 16:15:05
8006,lyon,8006 - PLACE DU 8 MAI 1945,Rue Professeur Beauvisage/Angle bd des Etats-Unis,"{'lat': 45.729771, 'lng': 4.868157}",False,False,20,10,10,OPEN,1748880549000,2025-06-02 16:15:05
23001,lyon,23001 - TASSIN - TUILERIES,,"{'lat': 45.763244, 'lng': 4.778641}",False,False,12,8,0,OPEN,1748880798000,2025-06-02 16:15:05
9052,lyon,9052 - BALMONT,360 BVD DE BALMONT,"{'lat': 45.789194, 'lng': 4.799308}",False,False,12,9,2,OPEN,1748880814000,2025-06-02 16:15:05
12002,lyon,12002 - VAULX - POUDRETTE / LA SOIE,"Face au 2 rue de la Poudrette, Vaulx en Velin","{'lat': 45.76438, 'lng': 4.919276}",False,False,20,12,8,OPEN,1748880562000,2025-06-02 16:15:05
6033,lyon,6033 - CRÉQUI / LAFAYETTE,153 RUE CREQUI,"{'lat': 45.763755, 'lng': 4.847082}",False,False,15,13,2,OPEN,1748880812000,2025-06-02 16:15:05
16006,lyon,16006 - VENISSIEUX - COBLOD,"83, boulevard du docteur Coblod 69200 Vénissieux","{'lat': 45.697014, 'lng': 4.896127}",False,False,15,0,0,OPEN,1748880338000,2025-06-02 16:15:05
10012,lyon,10012 - ZOLA / FRANCE,Rue de France/Angle Cours Emile Zola,"{'lat': 45.767957, 'lng': 4.887232}",False,False,16,0,0,OPEN,1748724596000,2025-06-02 16:15:05
10124,lyon,10124 - SALENGRO / YVONNE,"1 rue Georges Courteline
69100 Villeurbanne","{'lat': 45.7772936957677, 'lng': 4.87675865740856}",False,False,24,8,15,OPEN,1748880771000,2025-06-02 16:15:05
10123,lyon,10123 - SAINT JEAN CANAL,,"{'lat': 45.776646, 'lng': 4.902366}",False,False,12,5,7,OPEN,1748880314000,2025-06-02 16:15:05
4022,lyon,4022 - PLACE DE LA CROIX-ROUSSE,Prox. Grande rue de la Croix-Rousse,"{'lat': 45.77608, 'lng': 4.832543}",False,False,21,0,19,OPEN,1748880614000,2025-06-02 16:15:05
10047,lyon,10047 - LHERMINIER / PRESSENSÉ,Avenue du Cdt Lherminier/Angle rue F. de Pressensé,"{'lat': 45.771143, 'lng': 4.88504}",False,False,15,1,14,OPEN,1748880853000,2025-06-02 16:15:05
7021,lyon,7021 - CHALLEMEL LACOUR / GERLAND,176–180 Rue de Gerland 69007 Lyon,"{'lat': 45.729791, 'lng': 4.838138}",False,False,12,12,0,OPEN,1748880576000,2025-06-02 16:15:05
3004,lyon,3004 - BOURSE DU TRAVAIL,Angle rue Moncey / Part-Dieu,"{'lat': 45.759648, 'lng': 4.848139}",False,False,27,17,10,OPEN,1748880839000,2025-06-02 16:15:05
3016,lyon,3016 - LIBERTÉ / PART-DIEU,Angle rue de la Part-Dieu,"{'lat': 45.759361, 'lng': 4.842308}",False,False,18,12,6,OPEN,1748880669000,2025-06-02 16:15:05
2003,lyon,2003 - PLACE AMPÈRE,Angle Henry IV,"{'lat': 45.753049, 'lng': 4.828297}",False,False,10,2,8,OPEN,1748880814000,2025-06-02 16:15:05
7017,lyon,7017 - BEAUVOIR / MAROT,,"{'lat': 45.73674, 'lng': 4.834106}",False,False,20,10,10,OPEN,1748880776000,2025-06-02 16:15:05
19001,lyon,19001 - ST GENIS L. - MÉDIATHÈQUE,,"{'lat': 45.697863, 'lng': 4.794658}",False,False,12,1,11,OPEN,1748880779000,2025-06-02 16:15:05
6003,lyon,6003 - AVENUE VERGUIN,Devant l'entrée du parc,"{'lat': 45.772846, 'lng': 4.856274}",True,False,20,15,4,OPEN,1748880865000,2025-06-02 16:15:05
7015,lyon,7015 - TECHSUD,Rue professeur Jean Bernard angle Boulevard Chambaud de la Bruyère Lyon 7,"{'lat': 45.7228, 'lng': 4.842706}",False,False,12,12,0,OPEN,1748880450000,2025-06-02 16:15:05
8024,lyon,8024 - MERMOZ / MICHELET,Angle av Michelet,"{'lat': 45.733317, 'lng': 4.878607}",False,False,12,12,0,OPEN,1748880677000,2025-06-02 16:15:05
7026,lyon,7026 - BALDASSINI / GERLAND,,"{'lat': 45.727691, 'lng': 4.837392}",False,False,20,20,0,OPEN,1748880869000,2025-06-02 16:15:05
24001,lyon,24001 - ECULLY - MAIRIE,,"{'lat': 45.775112, 'lng': 4.778531}",False,False,12,2,9,OPEN,1748880405000,2025-06-02 16:15:05
7007,lyon,7007 - FARGE / AYASSE,Angle Bld Y. Farge / rue Commandant Ayasse,"{'lat': 45.735741, 'lng': 4.827725}",False,False,20,1,18,OPEN,1748880807000,2025-06-02 16:15:05
8038,lyon,8038 - ALBERT THOMAS / VILLON,Angle rue Villon,"{'lat': 45.746691, 'lng': 4.867501}",False,False,20,18,2,OPEN,1748880813000,2025-06-02 16:15:05
10072,lyon,10072 - JACQUES BREL,Rue Jacques Brel/angle rue Korel,"{'lat': 45.774228, 'lng': 4.864269}",False,False,23,7,16,OPEN,1748880688000,2025-06-02 16:15:05
18001,lyon,18001 - PIERRE BÉNITE - EUROPE,,"{'lat': 45.703245, 'lng': 4.821204}",False,False,15,7,7,OPEN,1748880725000,2025-06-02 16:15:05
6020,lyon,6020 - MUSÉE GUIMET,Angle rue Morellet,"{'lat': 45.774526, 'lng': 4.848443}",False,False,15,11,3,OPEN,1748880862000,2025-06-02 16:15:05
12001,lyon,12001 - VAULX - LA SOIE,45 RUE DE LA POUDRETTE (VILLEURBANNE),"{'lat': 45.760908, 'lng': 4.920569}",False,False,25,24,1,OPEN,1748880727000,2025-06-02 16:15:05
10055,lyon,10055 - CONDORCET / GALLINE,Avenue Galline/angle av. de Condorcet,"{'lat': 45.776428, 'lng': 4.866976}",False,False,15,3,12,OPEN,1748880657000,2025-06-02 16:15:05
6025,lyon,6025 - PLACE D'HELVÉTIE,,"{'lat': 45.773232, 'lng': 4.841949}",False,False,30,18,12,OPEN,1748880819000,2025-06-02 16:15:05
3094,lyon,3094 - VILLETTE,74 RUE DE LA VILLETTE,"{'lat': 45.757808, 'lng': 4.861512}",False,False,38,37,1,OPEN,1748880767000,2025-06-02 16:15:05
5044,lyon,5044 - CHAMPVERT,87 RUE DOCTEUR EDMOND LOCARD,"{'lat': 45.760056, 'lng': 4.798366}",False,False,15,13,1,OPEN,1748880621000,2025-06-02 16:15:05
3069,lyon,3069 - DAUPHINÉ / SAINT-MAXIMIN,,"{'lat': 45.750002, 'lng': 4.864587}",False,False,30,29,0,OPEN,1748880615000,2025-06-02 16:15:05
10006,lyon,10006 - CHARPENNES,Place Charles Hernu / côté sud,"{'lat': 45.770225, 'lng': 4.863102}",False,False,46,42,4,OPEN,1748880713000,2025-06-02 16:15:05
9011,lyon,9011 - CONSERVATOIRE,Quai Chauveau / angle Pont Koenig,"{'lat': 45.769803, 'lng': 4.812681}",True,False,19,6,13,OPEN,1748880835000,2025-06-02 16:15:05
21001,lyon,21001 - LA MULATIERE - AQUARIUM,,"{'lat': 45.727309, 'lng': 4.814779}",False,False,24,16,5,OPEN,1748880709000,2025-06-02 16:15:05
9015,lyon,9015 - SAINT-CYR,,"{'lat': 45.782855, 'lng': 4.807288}",False,False,30,17,13,OPEN,1748880610000,2025-06-02 16:15:05
6012,lyon,6012 - PLACE PUVIS DE CHAVANNES,Angle rue Vendôme,"{'lat': 45.771794, 'lng': 4.84459}",False,False,10,5,3,OPEN,1748880849000,2025-06-02 16:15:05
8009,lyon,8009 - JEAN XXIII / MERMOZ,Boulevard Jean XXIII - Angle de la rue Mermoz,"{'lat': 45.73648, 'lng': 4.869789}",False,False,20,13,6,OPEN,1748880773000,2025-06-02 16:15:05
10073,lyon,10073 - INSTITUT D'ART CONTEMPORAIN,Rue Docteur Dolard / Angle rue 4 Septembre,"{'lat': 45.761468, 'lng': 4.872466}",False,False,25,22,3,OPEN,1748880631000,2025-06-02 16:15:05
2035,lyon,2035 - CHILDEBERT / RIVIÈRE,,"{'lat': 45.759842, 'lng': 4.835776}",False,False,23,4,19,OPEN,1748880854000,2025-06-02 16:15:05
9014,lyon,9014 - QUAI DU COMMERCE,Angle rue Emile Duport,"{'lat': 45.7820006188352, 'lng': 4.81043960203213}",False,False,30,17,12,OPEN,1748880729000,2025-06-02 16:15:05
3097,lyon,3097 - AUGAGNEUR / FOSSE AUX OURS,28 QUAI VICTOR AUGAGNEUR,"{'lat': 45.7566535, 'lng': 4.8404787}",True,False,40,26,14,OPEN,1748880838000,2025-06-02 16:15:05
9022,lyon,9022 - MASARYK / SAINT-CYR,Angle rue Chinard/rue St Cyr,"{'lat': 45.778639, 'lng': 4.8071}",False,False,13,1,12,OPEN,1748880730000,2025-06-02 16:15:05
3138,lyon,3138 - VIVIER MERLE / PAUL BERT OUEST,Devant l'hôtel IBIS,"{'lat': 45.757484, 'lng': 4.858386}",False,False,19,17,0,OPEN,1748880843000,2025-06-02 16:15:05
10112,lyon,10112 - PLACE DE LA RECONNAISSANCE,105 ROUTE DE GENAS (VILLEURBANNE),"{'lat': 45.754415, 'lng': 4.885249}",False,False,32,18,13,OPEN,1748880863000,2025-06-02 16:15:05
4024,lyon,4024 - LYON METROPOLE,FACE AU 81 QUAI JOSEPH GILLET,"{'lat': 45.788204, 'lng': 4.818572}",False,False,25,19,4,OPEN,1748880796000,2025-06-02 16:15:05
15001,lyon,15001 - ST PRIEST - PARC TECHNOLOGIQUE,,"{'lat': 45.714426, 'lng': 4.930975}",False,False,20,11,9,OPEN,1748880474000,2025-06-02 16:15:05
8041,lyon,8041 - ETATS-UNIS / VIVIANI,"170 Boulevard des Etats-Unis, Angle Avenue Viviani, direction Venissieux","{'lat': 45.724775, 'lng': 4.870745}",False,False,20,13,7,OPEN,1748880580000,2025-06-02 16:15:05
2008,lyon,2008 - PLACE ANTONIN PONCET,Côté rue des Marroniers,"{'lat': 45.756775, 'lng': 4.833917}",True,False,40,23,17,OPEN,1748880865000,2025-06-02 16:15:05
7019,lyon,7019 - CROIX BARRET / BOURDEIX,,"{'lat': 45.736722, 'lng': 4.841079}",False,False,32,12,20,OPEN,1748880762000,2025-06-02 16:15:05
1005,lyon,1005 - MEISSONNIER,Place Meissonier - Angle Sud-Est de la place,"{'lat': 45.766073, 'lng': 4.832849}",False,False,16,13,3,OPEN,1748880758000,2025-06-02 16:15:05
6040,lyon,6040 - LES HALLES,71 COURS LAFAYETTE,"{'lat': 45.764013, 'lng': 4.849933}",False,False,15,11,2,OPEN,1748880761000,2025-06-02 16:15:05
10044,lyon,10044 - ROCARD OCTAVIE,,"{'lat': 45.7809037283842, 'lng': 4.88958755288143}",False,False,25,8,17,OPEN,1748880842000,2025-06-02 16:15:05
2022,lyon,2022 - PLACE CARNOT,Angle rue Plessier,"{'lat': 45.751233, 'lng': 4.82688}",False,False,30,25,4,OPEN,1748880836000,2025-06-02 16:15:05
4014,lyon,4014 - PHILIPPE DE LASSALLE / PILLEMENT,Angle rue Pillement,"{'lat': 45.777431, 'lng': 4.820526}",False,False,13,5,6,OPEN,1748880646000,2025-06-02 16:15:05
7036,lyon,7036 - GRYPHE / MONTESQUIEU,,"{'lat': 45.751902, 'lng': 4.843812}",False,False,25,13,11,OPEN,1748880814000,2025-06-02 16:15:05
9029,lyon,9029 - SAINT PIERRE DE VAISE,Place Vanderpol/Angle St Pierre de Vaise,"{'lat': 45.773125, 'lng': 4.807831}",False,False,15,12,3,OPEN,1748880862000,2025-06-02 16:15:05
3099,lyon,3099 - PLACE SAINTE ANNE,10 PLACE SAINTE ANNE,"{'lat': 45.757042, 'lng': 4.86532}",False,False,18,3,14,OPEN,1748880856000,2025-06-02 16:15:05
8001,lyon,8001 - UNIVERSITÉ LYON III,Devant entrée principale de l'université,"{'lat': 45.748535, 'lng': 4.861533}",False,False,36,35,0,OPEN,1748880721000,2025-06-02 16:15:05
3005,lyon,3005 - SAXE / GAMBETTA,Place Victor Basch,"{'lat': 45.75377, 'lng': 4.848043}",False,False,26,14,11,OPEN,1748880865000,2025-06-02 16:15:05
555,lyon,0-555 - ATELIER VÉLO'V,,"{'lat': 45.780403, 'lng': 4.904869}",False,False,3,1,2,OPEN,1748880788000,2025-06-02 16:15:05
8033,lyon,8033 - BERTHELOT / CAZENEUVE,,"{'lat': 45.737481, 'lng': 4.865503}",False,False,20,10,9,OPEN,1748880813000,2025-06-02 16:15:05
10058,lyon,10058 - MÉTRO FLACHET,274 COURS EMILE ZOLA (VILLEURBANNE),"{'lat': 45.767051, 'lng': 4.892467}",False,False,22,11,10,OPEN,1748880680000,2025-06-02 16:15:05
8010,lyon,8010 - PLACE MENDÈS FRANCE,95 AV. DE L'EUROPE,"{'lat': 45.740052, 'lng': 4.85941}",False,False,20,17,3,OPEN,1748880856000,2025-06-02 16:15:05
3067,lyon,3067 - HACHETTE,6 RUE JEAN RENOIR,"{'lat': 45.752907, 'lng': 4.863923}",False,False,15,15,0,OPEN,1748880811000,2025-06-02 16:15:05
7055,lyon,7055 - SERVANT / JABOULAY,23 RUE RENAN,"{'lat': 45.746779, 'lng': 4.842051}",False,False,16,12,4,OPEN,1748880823000,2025-06-02 16:15:05
17002,lyon,17002 - ST FONS - 4 CHEMINS,,"{'lat': 45.708561, 'lng': 4.854821}",False,False,11,5,6,OPEN,1748880621000,2025-06-02 16:15:05
5002,lyon,5002 - PLACE DES COMPAGNONS DE LA CHANSON,Angle rue des Aqueducs,"{'lat': 45.756535, 'lng': 4.796616}",False,False,18,10,6,OPEN,1748880799000,2025-06-02 16:15:05
10084,lyon,10084 - DOUA / AVENUE DES ARTS,84 avenue des Arts,"{'lat': 45.783533, 'lng': 4.871294}",False,False,30,20,10,OPEN,1748880600000,2025-06-02 16:15:05
9042,lyon,9042 - VAISE DOCKS,39 rue des Docks Lyon 9,"{'lat': 45.786533, 'lng': 4.811446}",False,False,19,14,3,OPEN,1748880545000,2025-06-02 16:15:05
7013,lyon,7013 - HALLE TONY GARNIER,93–131 Avenue Tony Garnier 69007 Lyon,"{'lat': 45.730786, 'lng': 4.823733}",False,False,20,20,0,OPEN,1748880604000,2025-06-02 16:15:05
14003,lyon,14003 - BRON - PLACE CURIAL,,"{'lat': 45.736633, 'lng': 4.917009}",False,False,25,12,13,OPEN,1748880783000,2025-06-02 16:15:05
11003,lyon,11003 - CALUIRE - LA ROCHETTE,Quai Gillet au  niveau de la place de la Rochette. Caluire et Cuire.,"{'lat': 45.791748, 'lng': 4.823595}",False,False,20,11,8,OPEN,1748880669000,2025-06-02 16:15:05
3039,lyon,3039 - PLACE BIR-HAKEIM,Au niveau de la rue Duvivier,"{'lat': 45.752553, 'lng': 4.855756}",False,False,19,0,0,CLOSED,1748347728000,2025-06-02 16:15:05
3053,lyon,3053 - GAMBETTA / JUSSERAND,Angle cours Gambetta,"{'lat': 45.751123, 'lng': 4.855604}",False,False,13,5,7,OPEN,1748880874000,2025-06-02 16:15:05
2040,lyon,2040 - ST ANTOINE / GRENETTE,12 QUAI ST AINTOINE,"{'lat': 45.7633761875017, 'lng': 4.83212534541183}",False,False,23,15,8,OPEN,1748880861000,2025-06-02 16:15:05
20002,lyon,20002 - OULLINS - MAIRIE,,"{'lat': 45.714039, 'lng': 4.806642}",False,False,18,12,6,OPEN,1748880690000,2025-06-02 16:15:05
2024,lyon,2024 - HERRIOT / MAUPIN,Entre Herriot et République,"{'lat': 45.7590315857425, 'lng': 4.83390624960752}",False,False,24,10,14,OPEN,1748880394000,2025-06-02 16:15:05
1035,lyon,1035 - QUAI LASSAGNE,3 QUAI ANDRE LASSAGNE,"{'lat': 45.772191, 'lng': 4.837917}",False,False,16,14,1,OPEN,1748880523000,2025-06-02 16:15:05
2014,lyon,2014 - JACOBINS,3 RUE JEAN DE TOURNES,"{'lat': 45.760762, 'lng': 4.834305}",False,False,26,13,12,OPEN,1748880819000,2025-06-02 16:15:05
6037,lyon,6037 - CITÉ INTERNATIONALE / INTERPOL,Allée A. Lignon,"{'lat': 45.782287, 'lng': 4.849378}",False,False,27,22,5,OPEN,1748880799000,2025-06-02 16:15:05
10083,lyon,10083 - CHATEAU GAILLARD / BIENVENUS,2 RUE DES BIENVENUS,"{'lat': 45.777873, 'lng': 4.884238}",False,False,15,0,15,OPEN,1748880769000,2025-06-02 16:15:05
2017,lyon,2017 - RÉPUBLIQUE / FERRANDIÈRE,Rue de la République,"{'lat': 45.762184, 'lng': 4.836023}",False,False,25,8,16,OPEN,1748880864000,2025-06-02 16:15:05
8057,lyon,8057 - VIENNE / MONTAGNY,184 ROUTE DE VIENNE,"{'lat': 45.732483, 'lng': 4.853406}",False,False,20,9,11,OPEN,1748880829000,2025-06-02 16:15:05
3014,lyon,3014 - PART-DIEU/POMPIDOU,Sous le pont rail avenue Pompidou,"{'lat': 45.758925382147, 'lng': 4.86009777897893}",False,False,40,39,0,OPEN,1748880652000,2025-06-02 16:15:05
3051,lyon,3051 - PLACE HENRI,Angle rue Docteur Long/av. Lacassagne,"{'lat': 45.748193, 'lng': 4.880641}",False,False,13,12,1,OPEN,1748880821000,2025-06-02 16:15:05
7014,lyon,7014 - MARSEILLE / FÉLISSENT,"Rue Felissent, angle rue de Marseille","{'lat': 45.752989, 'lng': 4.841417}",False,False,30,29,1,OPEN,1748880635000,2025-06-02 16:15:05
8007,lyon,8007 - FRÈRES LUMIÈRE,Angle rue Villon,"{'lat': 45.745018, 'lng': 4.866424}",False,False,15,5,9,OPEN,1748880865000,2025-06-02 16:15:05
9006,lyon,9006 - THÉÂTRE NOUVELLE GÉNÉRATION,Rue Tissot / angle rue de Bourgogne,"{'lat': 45.777287, 'lng': 4.803297}",False,False,16,11,5,OPEN,1748880794000,2025-06-02 16:15:05
10032,lyon,10032 - PRIMAT / DECORPS,Rue Antoine Primat/Angle rue Decorps,"{'lat': 45.757173, 'lng': 4.89998}",False,False,13,12,0,OPEN,1748880871000,2025-06-02 16:15:05
8021,lyon,8021 - PAUL SANTY,Place Général André - Face au 126 avenue Paul Santy,"{'lat': 45.728542, 'lng': 4.877279}",False,False,16,14,2,OPEN,1748880534000,2025-06-02 16:15:05
2001,lyon,2001 - BELLECOUR / RÉPUBLIQUE,Angle République / rue de la Barre,"{'lat': 45.758, 'lng': 4.834594}",False,False,18,1,16,OPEN,1748880874000,2025-06-02 16:15:05
2028,lyon,2028 - SAINTE-BLANDINE,Face station tram Ste Blandine,"{'lat': 45.744438, 'lng': 4.822152}",False,False,16,5,11,OPEN,1748880865000,2025-06-02 16:15:05
2006,lyon,2006 - PLACE DE L'HIPPODROME,Angle cours Charlemagne,"{'lat': 45.745528, 'lng': 4.82359}",False,False,24,14,10,OPEN,1748880671000,2025-06-02 16:15:05
3021,lyon,3021 - PLACE DE LA FERRANDIÈRE,Intersection Ferrandière/Jasseron,"{'lat': 45.759488, 'lng': 4.869346}",False,False,20,19,1,OPEN,1748880736000,2025-06-02 16:15:05
8059,lyon,8059 - LAENNEC / PINEL,173 BVD PINEL (BRON),"{'lat': 45.735375, 'lng': 4.88954}",False,False,15,3,12,OPEN,1748880798000,2025-06-02 16:15:05
1003,lyon,1003 - PLACE SATHONAY,6 PLACE SATHONAY,"{'lat': 45.769289, 'lng': 4.830127}",False,False,22,19,3,OPEN,1748880533000,2025-06-02 16:15:05
2011,lyon,2011 - SALA / RUE DU PLAT,Face à la faculté catholique,"{'lat': 45.756813, 'lng': 4.828342}",False,False,14,11,3,OPEN,1748880677000,2025-06-02 16:15:05
1001,lyon,1001 - TERREAUX / TERME,Angle rue d'Algérie,"{'lat': 45.767736, 'lng': 4.832114}",False,False,16,2,14,OPEN,1748880867000,2025-06-02 16:15:05
1016,lyon,1016 - PÊCHERIE,Rue de la Platière - Angle quai de la Pêcherie,"{'lat': 45.765944, 'lng': 4.831089}",False,False,17,11,4,OPEN,1748880820000,2025-06-02 16:15:05
7056,lyon,7056 - PLACE RASPAIL,4 PLACE RASPAIL,"{'lat': 45.755783, 'lng': 4.840745}",False,False,22,10,12,OPEN,1748880848000,2025-06-02 16:15:05
10103,lyon,10103 - DOUA / RUE DES SPORTS,103 ave des Arts / rue des Sports,"{'lat': 45.784526, 'lng': 4.877482}",False,False,30,18,12,OPEN,1748880857000,2025-06-02 16:15:05
10080,lyon,10080 - VAILLANT / PERRONCEL,96 RUE ALEXIS PERRONCEL (VILLEURBANNE),"{'lat': 45.775409, 'lng': 4.880261}",False,False,17,8,9,OPEN,1748880810000,2025-06-02 16:15:05
5032,lyon,5032 - MÉNIVAL / EISENHOWER,,"{'lat': 45.756757, 'lng': 4.783206}",False,False,12,11,1,OPEN,1748880546000,2025-06-02 16:15:05
3070,lyon,3070 - REBATEL / SAINT-MAXIMIN,,"{'lat': 45.747835, 'lng': 4.872261}",False,False,30,26,2,OPEN,1748880592000,2025-06-02 16:15:05
10074,lyon,10074 - ZOLA / PASSAGE REY,Cours E. Zola / Angle passage Rey,"{'lat': 45.770099, 'lng': 4.876728}",False,False,19,0,19,OPEN,1748880750000,2025-06-02 16:15:05
8015,lyon,8015 - JEAN XXIII,RUE MARYSE BASTIE,"{'lat': 45.740324, 'lng': 4.874192}",False,False,16,16,0,OPEN,1748880780000,2025-06-02 16:15:05
3089,lyon,3089 - TRARIEUX / LACASSAGNE,221 AV. LACASSAGNE,"{'lat': 45.745304, 'lng': 4.888964}",False,False,24,23,0,OPEN,1748880764000,2025-06-02 16:15:05
5055,lyon,5055 - BUYER / APOLLINAIRE,101 AV. BARTHELEMY BUYER,"{'lat': 45.762013, 'lng': 4.802751}",False,False,22,21,1,OPEN,1748880411000,2025-06-02 16:15:05
10048,lyon,10048 - PLACE MARENGO,52 AV. MARC SANGNIER (VILLEURBANNE),"{'lat': 45.759176, 'lng': 4.875958}",False,False,27,5,21,OPEN,1748880849000,2025-06-02 16:15:05
10115,lyon,10115 - PLACE D'ESPAGNE / STADE KRUGER,173 AV. PAUL KRUGER (VILLEURBANNE),"{'lat': 45.754181, 'lng': 4.90528}",False,False,22,20,1,OPEN,1748880739000,2025-06-02 16:15:05
10063,lyon,10063 - PERRIN / JEAN JAURÈS,Face au 24 rue Antonin Perrin (Villeurbanne),"{'lat': 45.7579236990649, 'lng': 4.88526502910926}",False,False,34,31,3,OPEN,1748880790000,2025-06-02 16:15:05
10045,lyon,10045 - ALSACE ANATOLE FRANCE,,"{'lat': 45.766921, 'lng': 4.870087}",False,False,20,6,13,OPEN,1748880856000,2025-06-02 16:15:05
3085,lyon,3085 - SACRE COEUR,66 RUE ANTOINE CHARIAL,"{'lat': 45.757864, 'lng': 4.868337}",False,False,16,7,9,OPEN,1748880799000,2025-06-02 16:15:05
3024,lyon,3024 - ROCKEFELLER / ESQUIROL,Intersection Rockefeller / Esquirol,"{'lat': 45.741336, 'lng': 4.885538}",False,False,19,19,0,OPEN,1748880411000,2025-06-02 16:15:05
2041,lyon,2041 - SALA / CHARITÉ,44 RUE SALA,"{'lat': 45.754468, 'lng': 4.833041}",False,False,21,11,9,OPEN,1748880788000,2025-06-02 16:15:05
10086,lyon,10086 - ANATOLE FRANCE,Angle Rue de Préssensé / Flachet,"{'lat': 45.769837, 'lng': 4.889629}",False,False,10,0,10,OPEN,1748880444000,2025-06-02 16:15:05
7011,lyon,7011 - BERTHELOT / GARIBALDI,Rue Garibaldi - Angle avenue Berthelot,"{'lat': 45.743756, 'lng': 4.847406}",False,False,15,13,2,OPEN,1748880431000,2025-06-02 16:15:05
10117,lyon,10117 - LA PERRALIÈRE,166 RUE DU QUATRE AOUT (VILLEURBANNE),"{'lat': 45.764567, 'lng': 4.892349}",False,False,22,12,7,OPEN,1748880666000,2025-06-02 16:15:05
9041,lyon,9041 - CARRET / SÉDALLIAN,10 QUAI PAUL SEDAILLAN,"{'lat': 45.792478, 'lng': 4.820567}",False,False,18,5,13,OPEN,1748880478000,2025-06-02 16:15:05
9043,lyon,9043 - MARIETTON OUEST,,"{'lat': 45.776087, 'lng': 4.799725}",False,False,20,9,11,OPEN,1748880772000,2025-06-02 16:15:05
1024,lyon,1024 - ROUVILLE,PLACE ROUVILLE,"{'lat': 45.769684, 'lng': 4.824607}",False,False,17,12,4,OPEN,1748880815000,2025-06-02 16:15:05
10035,lyon,10035 - BOIRON GRANGER,43 RUE PIERRE BARATIN (VILLEURBANNE),"{'lat': 45.763139, 'lng': 4.900492}",False,False,16,14,2,OPEN,1748880632000,2025-06-02 16:15:05
5005,lyon,5005 - SAINT-PAUL,Près de la gare de St Paul,"{'lat': 45.766278, 'lng': 4.827425}",False,False,23,6,17,OPEN,1748880680000,2025-06-02 16:15:05
4041,lyon,4041 - BOUSSANGES / AUSTERLITZ,25 RUE D'AUSTERLITZ,"{'lat': 45.775070841112, 'lng': 4.83549930268728}",False,False,18,1,16,OPEN,1748880833000,2025-06-02 16:15:05
6043,lyon,6043 - CITÉ INTERNATIONALE / CINÉMA,80 QUAI CHARLES DE GAULLE,"{'lat': 45.784698, 'lng': 4.851896}",False,False,32,25,7,OPEN,1748880721000,2025-06-02 16:15:05
7051,lyon,7051 - GUILLOTIERE / NICOLAÏ,,"{'lat': 45.747933, 'lng': 4.856358}",False,False,30,22,8,OPEN,1748880793000,2025-06-02 16:15:05
3088,lyon,3088 - PLACE GUICHARD,65 RUE MAZENOD,"{'lat': 45.75882, 'lng': 4.846453}",False,False,16,10,6,OPEN,1748880552000,2025-06-02 16:15:05
10059,lyon,10059 - ANATOLE FRANCE / ZOLA,Rue Anatole France,"{'lat': 45.76884, 'lng': 4.884276}",False,False,13,0,13,OPEN,1748880874000,2025-06-02 16:15:05
8040,lyon,8040 - AMBROISE PARÉ,Face au 54 Boulevard Ambroise Paré,"{'lat': 45.736289, 'lng': 4.883667}",False,False,24,8,16,OPEN,1748880551000,2025-06-02 16:15:05
9040,lyon,9040 - PLACE RHODIACETA,1 PLACE DE LA RHODIACETA,"{'lat': 45.770991, 'lng': 4.807578}",False,False,12,12,0,OPEN,1748880649000,2025-06-02 16:15:05
6016,lyon,6016 - VIABERT / THIERS,Angle avenue Thiers,"{'lat': 45.766032, 'lng': 4.862063}",False,False,16,5,1,OPEN,1748880818000,2025-06-02 16:15:05
6008,lyon,6008 - PLACE JULES FERRY,17 PLACE JULES FERRY,"{'lat': 45.7684, 'lng': 4.858972}",False,False,20,18,2,OPEN,1748880794000,2025-06-02 16:15:05
2019,lyon,2019 - SUCRIERE,,"{'lat': 45.736216, 'lng': 4.815348}",False,False,20,20,0,OPEN,1748880590000,2025-06-02 16:15:05
5004,lyon,5004 - SAINT-JEAN,Entre la cathédrale et le funiculaire,"{'lat': 45.760468, 'lng': 4.826548}",True,False,39,16,22,OPEN,1748880852000,2025-06-02 16:15:05
10030,lyon,10030 - GREUZE,126 RUE DU 8 MAI 1945 (VILLEURBANNE),"{'lat': 45.773845, 'lng': 4.893851}",False,False,18,12,6,OPEN,1748880678000,2025-06-02 16:15:05
10118,lyon,10118 - VOYANT / CHAMBFORT,99 RUE PIERRE VOYANT (VILLEURBANNE),"{'lat': 45.767194, 'lng': 4.900597}",False,False,22,22,0,OPEN,1748880499000,2025-06-02 16:15:05
8060,lyon,8060 - SANTY / BEAUVISAGE,,"{'lat': 45.731708, 'lng': 4.874205}",False,False,17,17,0,OPEN,1748880875000,2025-06-02 16:15:05
1022,lyon,1022 - PLACE TOLOZAN,Place Tolozan - Angle nord-est de la place,"{'lat': 45.769508, 'lng': 4.837495}",False,False,36,16,14,OPEN,1748880847000,2025-06-02 16:15:05
3031,lyon,3031 - CORNEILLE / SERVIENT,Angle rue Servient,"{'lat': 45.759906, 'lng': 4.844511}",False,False,13,13,0,OPEN,1748880384000,2025-06-02 16:15:05
10001,lyon,10001 - IUT / FEYSSINE,rue de la Technologie,"{'lat': 45.785632, 'lng': 4.882366}",False,False,30,0,0,CLOSED,1748880670000,2025-06-02 16:15:05
3043,lyon,3043 - PLACE ROUGET DE L'ISLE,Avenue Lacassagne,"{'lat': 45.753975, 'lng': 4.867336}",False,False,16,2,13,OPEN,1748880874000,2025-06-02 16:15:05
6001,lyon,6001 - GARE DES BROTTEAUX,Place Jules Ferry angle rue Général Brosset face à la gare des Brotteaux,"{'lat': 45.766893, 'lng': 4.858922}",False,False,16,15,0,OPEN,1748880864000,2025-06-02 16:15:05
20001,lyon,20001 - OULLINS - GARE,,"{'lat': 45.717001, 'lng': 4.814072}",False,False,40,38,2,OPEN,1748880854000,2025-06-02 16:15:05
10114,lyon,10114 - BEL AIR / LES BROSSES,2 AV. DU BEL AIR (VILLEURBANNE),"{'lat': 45.757931, 'lng': 4.910776}",False,False,20,20,0,OPEN,1748880744000,2025-06-02 16:15:05
4008,lyon,4008 - CLOS SAVARON,,"{'lat': 45.782631, 'lng': 4.825576}",False,False,20,14,3,CLOSED,1745153755000,2025-06-02 16:15:05
10071,lyon,10071 - LYCÉE MARIE CURIE,64 BVD EUGENE REGUILLON (VILLEURBANNE),"{'lat': 45.761532, 'lng': 4.895763}",False,False,15,14,0,OPEN,1748880834000,2025-06-02 16:15:05
10038,lyon,10038 - CONDORCET,Bvd 11 Nov./prox. arret tram Condorcet,"{'lat': 45.779062, 'lng': 4.866874}",False,False,23,21,2,OPEN,1748880838000,2025-06-02 16:15:05
10060,lyon,10060 - SAINT EXUPÉRY,Avenue Antoine Saint Exupery,"{'lat': 45.758874, 'lng': 4.878683}",False,False,15,7,8,OPEN,1748880849000,2025-06-02 16:15:05
4005,lyon,4005 - PLACE BERTONE,Rue du Chariot d'Or,"{'lat': 45.77762, 'lng': 4.83453}",False,False,12,0,10,OPEN,1748880783000,2025-06-02 16:15:05
7031,lyon,7031 - JAURÈS / GERLAND,42 Rue de Gerland 69007 Lyon,"{'lat': 45.739827, 'lng': 4.840308}",False,False,20,13,7,OPEN,1748880861000,2025-06-02 16:15:05
9050,lyon,9050 - ALLEE DE L'EUROPE,AVENUE DU PLATEAU,"{'lat': 45.783698, 'lng': 4.794485}",False,False,12,9,1,OPEN,1748880374000,2025-06-02 16:15:05
10087,lyon,10087 - BARATIN,Face au 115 rue Pierre Baratin,"{'lat': 45.760603, 'lng': 4.900702}",False,False,12,9,0,OPEN,1748880868000,2025-06-02 16:15:05
4026,lyon,4026 - BIRMINGHAM,"Avenue Birmingham, sortie tunnel mode doux côté Saöne - 69000 Lyon","{'lat': 45.774632, 'lng': 4.813425}",False,False,20,13,4,OPEN,1748880447000,2025-06-02 16:15:05
2020,lyon,2020 - MUSÉE DES CONFLUENCES,Parvis du musée des confluences,"{'lat': 45.733388, 'lng': 4.818954}",True,False,20,20,0,OPEN,1748880711000,2025-06-02 16:15:05
17003,lyon,17003 - ST FONS - THEATRE,,"{'lat': 45.708123, 'lng': 4.861905}",False,False,18,3,15,OPEN,1748880377000,2025-06-02 16:15:05
4001,lyon,4001 - CONSERVATOIRE BIS,,"{'lat': 45.770392, 'lng': 4.814254}",False,False,22,12,9,OPEN,1748880591000,2025-06-02 16:15:05
5007,lyon,5007 - PLACE DE TRION,Place de Trion,"{'lat': 45.757916, 'lng': 4.81317}",False,False,16,13,3,OPEN,1748880862000,2025-06-02 16:15:05
3015,lyon,3015 - SERVIENT / GARIBALDI,Angle rue Garibaldi,"{'lat': 45.760779, 'lng': 4.85276}",False,False,32,28,1,OPEN,1748880856000,2025-06-02 16:15:05
8037,lyon,8037 - CAZENEUVE,Rue Paul Cazeneuve - Angle du boulevard des Etats-Unis,"{'lat': 45.734027, 'lng': 4.862906}",False,False,19,10,9,OPEN,1748880737000,2025-06-02 16:15:05
3010,lyon,3010 - PART-DIEU / CUIRASSIERS (FAR),Rue des Cuirassiers Lyon 3,"{'lat': 45.7589457457871, 'lng': 4.85624511710564}",False,False,34,34,0,OPEN,1748880568000,2025-06-02 16:15:05
7018,lyon,7018 - LYCEE LOUISE LABE,2 Rue Crépet 69007 Lyon,"{'lat': 45.740279, 'lng': 4.832061}",False,False,20,15,4,OPEN,1748880767000,2025-06-02 16:15:05
2015,lyon,2015 - RÉPUBLIQUE / STELLA,Côté est de la place,"{'lat': 45.760698, 'lng': 4.836279}",False,False,27,7,19,OPEN,1748880837000,2025-06-02 16:15:05
10056,lyon,10056 - 11 NOVEMBRE / GASTON BERGER,Avenue du 11 Nov./angle av Gaston Berger,"{'lat': 45.779066, 'lng': 4.871581}",False,False,35,19,15,OPEN,1748880825000,2025-06-02 16:15:05
3029,lyon,3029 - PLACE ARISTIDE BRIAND,Angle Gambetta,"{'lat': 45.752967, 'lng': 4.850271}",False,False,38,21,16,OPEN,1748880875000,2025-06-02 16:15:05
10061,lyon,10061 - RÉPUBLIQUE,Cours Emile Zola/Angle cours de la République,"{'lat': 45.7708541, 'lng': 4.8726116}",False,False,17,12,3,OPEN,1748880862000,2025-06-02 16:15:05
4003,lyon,4003 - PLACE COMMANDANT  ARNAUD,Angle rue de Belfort,"{'lat': 45.779731, 'lng': 4.834708}",False,False,17,2,14,OPEN,1748880705000,2025-06-02 16:15:05
7064,lyon,7064 - CROUS,96 RUE CHEVREUL,"{'lat': 45.74541, 'lng': 4.847843}",False,False,17,10,7,OPEN,1748880795000,2025-06-02 16:15:05
4017,lyon,4017 - PLACE DES TAPIS,Angle Bvd de la Croix-Rousse,"{'lat': 45.776002, 'lng': 4.829628}",False,False,17,4,12,OPEN,1748880847000,2025-06-02 16:15:05
34001,lyon,34001 - NEUVILLE - QUAI PASTEUR,,"{'lat': 45.876622, 'lng': 4.838578}",False,False,20,5,14,OPEN,1748880748000,2025-06-02 16:15:05
3082,lyon,3082 - SAXE / MONCEY,33 RUE MONCEY,"{'lat': 45.757578, 'lng': 4.846117}",False,False,28,16,10,OPEN,1748880846000,2025-06-02 16:15:05
10046,lyon,10046 - CHARMETTES/ZOLA,Rue des Charmettes/Angle Cours Emile Zola,"{'lat': 45.770705, 'lng': 4.867201}",False,False,23,17,6,OPEN,1748880762000,2025-06-02 16:15:05
7046,lyon,7046 - PLACE DE L'ECOLE,Angle rue de St Cloud,"{'lat': 45.730083, 'lng': 4.82781}",False,False,28,25,3,OPEN,1748880853000,2025-06-02 16:15:05
7002,lyon,7002 - UNIVERSITÉS LYON III / LYON II,Quai Claude Bernard,"{'lat': 45.7511023770123, 'lng': 4.83615396294288}",False,False,39,34,2,OPEN,1748880830000,2025-06-02 16:15:05
3007,lyon,3007 - PLACE D'ARSONVAL,A côté du stand de fleurs,"{'lat': 45.743396, 'lng': 4.87897}",False,False,32,31,1,OPEN,1748880813000,2025-06-02 16:15:05
3006,lyon,3006 - VILLETTE / SAINT-ANTOINE,,"{'lat': 45.762876, 'lng': 4.862249}",False,False,23,21,0,OPEN,1748880680000,2025-06-02 16:15:05
6007,lyon,6007 - MASSÉNA,Angle Cours Vitton,"{'lat': 45.769654, 'lng': 4.852366}",False,False,27,13,13,OPEN,1748880865000,2025-06-02 16:15:05
1037,lyon,1037 - CHAZETTE LASSAGNE,,"{'lat': 45.77291, 'lng': 4.837315}",False,False,20,3,17,OPEN,1748880725000,2025-06-02 16:15:05
9051,lyon,9051 - ANDREI SAKHAROV,373 AV. ANDREI SAKHAROV,"{'lat': 45.786546, 'lng': 4.797107}",False,False,12,10,0,OPEN,1748880428000,2025-06-02 16:15:05
7012,lyon,7012 - MERIEUX / PAVILLONS,246 RUE MARCEL MERIEUX,"{'lat': 45.7291359373026, 'lng': 4.8301170098658}",False,False,16,16,0,OPEN,1748880408000,2025-06-02 16:15:05
7049,lyon,7049 - CITÉ SCOLAIRE INTERNATIONALE,27–33 Rue Alexander Fleming 69007 Lyon,"{'lat': 45.727951, 'lng': 4.823563}",False,False,25,25,0,OPEN,1748880605000,2025-06-02 16:15:05
6005,lyon,6005 - PLACE EDGAR QUINET,Devant le lycée,"{'lat': 45.765811, 'lng': 4.844767}",False,False,20,5,15,OPEN,1748880681000,2025-06-02 16:15:05
10102,lyon,10102 - DOUA / GASTON BERGER,ave G. Berger,"{'lat': 45.781008, 'lng': 4.871219}",False,False,30,12,18,OPEN,1748880689000,2025-06-02 16:15:05
6023,lyon,6023 - QUAI SARRAIL,Niveau rue de Sèze,"{'lat': 45.766821, 'lng': 4.841095}",False,False,14,11,3,OPEN,1748880634000,2025-06-02 16:15:05
7034,lyon,7034 - PISCINE DU RHÔNE,Sur le quai devant l'entrée de la piscine,"{'lat': 45.753705, 'lng': 4.838283}",False,False,31,16,14,OPEN,1748880871000,2025-06-02 16:15:05
1020,lyon,1020 - TERREAUX / CHENAVARD,Rue Chenavard - Côté place des Terreaux,"{'lat': 45.766763, 'lng': 4.832942}",False,False,18,16,2,OPEN,1748880692000,2025-06-02 16:15:05
10064,lyon,10064 - 4 AOÛT 1789,Angle Rue Rollet/Blanqui,"{'lat': 45.764812, 'lng': 4.884311}",False,False,15,7,8,OPEN,1748880837000,2025-06-02 16:15:05
8050,lyon,8050 - BATAILLE / KRÜGER,,"{'lat': 45.736219, 'lng': 4.879855}",False,False,18,13,5,OPEN,1748880631000,2025-06-02 16:15:05
10015,lyon,10015 - POUDRETTE / MUSSET,,"{'lat': 45.757936, 'lng': 4.921156}",False,False,18,7,10,OPEN,1748880572000,2025-06-02 16:15:05
7010,lyon,7010 - CENTRE BERTHELOT,Rue Pasteur - Angle avenue Berthelot,"{'lat': 45.747358, 'lng': 4.836009}",False,False,19,18,0,OPEN,1748880627000,2025-06-02 16:15:05
3033,lyon,3033 - OL STADIUM ÉPHÉMÈRE,,"{'lat': 45.767881, 'lng': 4.981172}",False,False,18,16,1,CLOSED,1747517076000,2025-06-02 16:15:05
30001,lyon,30001 - RILLIEUX - CANELLAS,,"{'lat': 45.805207, 'lng': 4.88477}",False,False,12,10,1,OPEN,1748880346000,2025-06-02 16:15:05
8020,lyon,8020 - MOULIN A VENT,,"{'lat': 45.729714, 'lng': 4.854338}",False,False,22,3,19,OPEN,1748880773000,2025-06-02 16:15:05
10101,lyon,10101 - EINSTEIN / 11 NOVEMBRE 1918,43 BVD DU 11 NOVEMBRE 1918 (VILLEURBANNE),"{'lat': 45.779429, 'lng': 4.873992}",False,False,34,22,12,OPEN,1748880714000,2025-06-02 16:15:05
11001,lyon,11001 - CALUIRE - GARE DE CUIRE,2 RUE CLAUDE BERNARD (CALUIRE ET CUIRE),"{'lat': 45.785796, 'lng': 4.833733}",False,False,16,0,16,OPEN,1748880674000,2025-06-02 16:15:05
7022,lyon,7022 - JAURÈS / LAGRANGE,16 Impasse du Pré Gaudry 69007 Lyon,"{'lat': 45.743975, 'lng': 4.841463}",False,False,30,22,7,OPEN,1748880865000,2025-06-02 16:15:05
3102,lyon,3102 - DOCTEUR LONG / CAILLE,135 COURS DOCTEUR LONG,"{'lat': 45.75254, 'lng': 4.894272}",False,False,16,15,0,OPEN,1748880843000,2025-06-02 16:15:05
16004,lyon,16004 - VENISSIEUX PARILLY,,"{'lat': 45.719746, 'lng': 4.888457}",False,False,25,7,16,OPEN,1748880544000,2025-06-02 16:15:05
10088,lyon,10088 - 4 AOÛT 1789 / PRESSENSÉ,COURS EMILE ZOLA (VILLEURBANNE),"{'lat': 45.76611, 'lng': 4.898539}",False,False,19,16,2,OPEN,1748880641000,2025-06-02 16:15:05
7020,lyon,7020 - PARC DE GERLAND,Allée Pierre de Coubertin,"{'lat': 45.724352, 'lng': 4.826821}",False,False,26,16,9,OPEN,1748880868000,2025-06-02 16:15:05
10031,lyon,10031 - CROIX LUIZET,sur la place Croix Luizet,"{'lat': 45.780679, 'lng': 4.88356}",False,False,22,6,14,OPEN,1748880703000,2025-06-02 16:15:05
5054,lyon,5054 - CHAMPVERT,192 AV. BARTHELEMY BUYER,"{'lat': 45.763906, 'lng': 4.792643}",False,False,18,16,1,OPEN,1748880861000,2025-06-02 16:15:05
7025,lyon,7025 - LACOUR / ARTILLERIE,,"{'lat': 45.729454, 'lng': 4.844228}",False,False,20,20,0,OPEN,1748880785000,2025-06-02 16:15:05
4011,lyon,4011 - PLACE JOANNÈS AMBRE,Place Jean Ambre,"{'lat': 45.781574, 'lng': 4.832866}",False,False,20,5,14,OPEN,1748880825000,2025-06-02 16:15:05
1002,lyon,1002 - OPÉRA,Angle rue Serlin - Angle place de la comédie,"{'lat': 45.767611, 'lng': 4.836619}",False,False,41,34,7,OPEN,1748880832000,2025-06-02 16:15:05
2042,lyon,2042 - JOFFRE / VAUBECOUR,43 RUE VAUBECOUR,"{'lat': 45.751873, 'lng': 4.824763}",False,False,20,18,2,OPEN,1748880852000,2025-06-02 16:15:05
16003,lyon,16003 - VÉNISSIEUX - JOLIOT CURIE / SEMBAT,,"{'lat': 45.71532, 'lng': 4.878337}",False,False,25,20,4,OPEN,1748880521000,2025-06-02 16:15:05
9032,lyon,9032 - PLACE DU PORT MOUTON,"Quai Arloing, Côté Saône","{'lat': 45.773815, 'lng': 4.809566}",False,False,18,12,6,OPEN,1748880870000,2025-06-02 16:15:05
14005,lyon,14005 - BRON - UNIVERSITE,,"{'lat': 45.72284, 'lng': 4.915219}",False,False,30,4,9,OPEN,1748880531000,2025-06-02 16:15:05
11002,lyon,11002 - CALUIRE - SAINT-CLAIR,49 COURS ARISTIDE BRIAND (CALUIRE),"{'lat': 45.785465, 'lng': 4.847838}",False,False,20,11,8,OPEN,1748880763000,2025-06-02 16:15:05
3003,lyon,3003 - PART-DIEU / DERUELLE,"Face rue Massena, entrée centre commercial","{'lat': 45.762974, 'lng': 4.855071}",False,False,30,18,12,OPEN,1748880823000,2025-06-02 16:15:05
9002,lyon,9002 - MAIRIE DU 9E,Prox. métro Valmy,"{'lat': 45.774241, 'lng': 4.805676}",False,False,27,19,8,OPEN,1748880853000,2025-06-02 16:15:05
10116,lyon,10116 - BLUM / FAYS,,"{'lat': 45.760526, 'lng': 4.905877}",False,False,16,16,0,OPEN,1748880742000,2025-06-02 16:15:05
10010,lyon,10010 - BAUDIN / ZOLA,"12 rue baudin
Villeurbanne","{'lat': 45.7651045967603, 'lng': 4.90512854660767}",False,False,16,12,4,OPEN,1748880819000,2025-06-02 16:15:05
10039,lyon,10039 - BOUVIER,Rue Professeur Bouvier/Angle rue du 8 mai 1945,"{'lat': 45.779487, 'lng': 4.891692}",False,False,16,2,13,OPEN,1748880779000,2025-06-02 16:15:05
6006,lyon,6006 - BOULEVARD DES BELGES,Boulevard des Belges - Angle rue Duquesne,"{'lat': 45.773304, 'lng': 4.852001}",True,False,15,8,7,OPEN,1748880853000,2025-06-02 16:15:05
12005,lyon,12005 - VAULX - VILLAGE,,"{'lat': 45.786262, 'lng': 4.926788}",False,False,20,6,13,OPEN,1748880810000,2025-06-02 16:15:05
10002,lyon,10002 - INSA,Avenue Albert Einstein au niveau du virage,"{'lat': 45.782222, 'lng': 4.876951}",False,False,55,36,18,OPEN,1748880871000,2025-06-02 16:15:05
7016,lyon,7016 - PLACE SAINT LOUIS,Rue de la Madeleine - Angle rue St Lazarre,"{'lat': 45.748925, 'lng': 4.847714}",False,False,15,2,13,OPEN,1748880837000,2025-06-02 16:15:05
5008,lyon,5008 - SAINTE-IRÉNÉE,Place Sainte Irénée,"{'lat': 45.754978, 'lng': 4.812427}",False,False,20,8,11,OPEN,1748880568000,2025-06-02 16:15:05
27001,lyon,27001 - COLLONGES - GARE,,"{'lat': 45.830874, 'lng': 4.846988}",False,False,24,8,15,OPEN,1748880580000,2025-06-02 16:15:05
34002,lyon,34002 - NEUVILLE - STADE,,"{'lat': 45.870877, 'lng': 4.839595}",False,False,15,2,13,OPEN,1748880337000,2025-06-02 16:15:05
12004,lyon,12004 - VAULX - HÔTEL DE VILLE,,"{'lat': 45.778178, 'lng': 4.920544}",False,False,30,16,14,OPEN,1748880783000,2025-06-02 16:15:05
10054,lyon,10054 - STALINGRAD / MELIÈS,RUE GEORGES MELIES (VILLEURBANNE),"{'lat': 45.776715, 'lng': 4.859573}",False,False,24,15,8,OPEN,1748880656000,2025-06-02 16:15:05
1021,lyon,1021 - TERREAUX / BEAUX ARTS,Rue Herriot - Devant Musée des Beaux Arts,"{'lat': 45.767062, 'lng': 4.834294}",False,False,11,9,0,OPEN,1748880800000,2025-06-02 16:15:05
2007,lyon,2007 - PATINOIRE CHARLEMAGNE,Angle rue Casimir Périer,"{'lat': 45.742617, 'lng': 4.820464}",False,False,37,28,8,OPEN,1748880834000,2025-06-02 16:15:05
8004,lyon,8004 - MAIRIE DU 8E,Devant la mairie du 8e,"{'lat': 45.735158, 'lng': 4.872803}",False,False,21,18,3,OPEN,1748880501000,2025-06-02 16:15:05
3044,lyon,3044 - QUAI AUGAGNEUR,Entre rue de Bonnel et rue Rabelais,"{'lat': 45.762023, 'lng': 4.841053}",False,False,19,15,2,OPEN,1748880832000,2025-06-02 16:15:05
33001,lyon,33001 - ALBIGNY - GARE,,"{'lat': 45.874978, 'lng': 4.833024}",False,False,18,11,6,OPEN,1748880281000,2025-06-02 16:15:05
16005,lyon,16005 - VENISSIEUX - GARE,,"{'lat': 45.708509, 'lng': 4.886939}",False,False,25,17,7,OPEN,1748880795000,2025-06-02 16:15:05
10019,lyon,10019 - 4 AOUT / RACINE,,"{'lat': 45.764489, 'lng': 4.877894}",False,False,30,14,16,OPEN,1748880743000,2025-06-02 16:15:05
10025,lyon,10025 - TOTEM,,"{'lat': 45.763652, 'lng': 4.873158}",False,False,16,4,12,OPEN,1748880831000,2025-06-02 16:15:05
8034,lyon,8034 - BERTHELOT / VILLON,Angle avenue Berthelot,"{'lat': 45.738301, 'lng': 4.862727}",False,False,13,13,0,OPEN,1748880812000,2025-06-02 16:15:05
3084,lyon,3084 - DESAIX,143 RUE PAUL BERT,"{'lat': 45.757268, 'lng': 4.855193}",False,False,28,16,12,OPEN,1748880845000,2025-06-02 16:15:05
5026,lyon,5026 - RUE DE LA BALEINE,Angle quai Romain Rolland,"{'lat': 45.763383, 'lng': 4.829024}",False,False,14,11,3,OPEN,1748880785000,2025-06-02 16:15:05
3038,lyon,3038 - VIVIER MERLE / PAUL BERT EST,Devant le bâtiment du Klesia,"{'lat': 45.757147, 'lng': 4.858975}",False,False,20,20,0,OPEN,1748880698000,2025-06-02 16:15:05
11005,lyon,11005 - CALUIRE - PASSERELLE DE LA PAIX,,"{'lat': 45.787941, 'lng': 4.853035}",False,False,25,13,12,OPEN,1748880796000,2025-06-02 16:15:05
3019,lyon,3019 - PART-DIEU / DERUELLE,Intersection Bd Vivier Merle - Rue Eugène Deruelle Lyon 3,"{'lat': 45.76326, 'lng': 4.85749}",False,False,39,24,2,OPEN,1748880869000,2025-06-02 16:15:05
3079,lyon,3079 - PLACE LOUISE,4 PLACE LOUISE,"{'lat': 45.75118, 'lng': 4.884795}",False,False,16,14,2,OPEN,1748880647000,2025-06-02 16:15:05
2025,lyon,2025 - MERCIÈRE / FERRANDIÈRE,Entre rue de Brest et rue Mercière,"{'lat': 45.762054, 'lng': 4.833194}",False,False,10,0,0,CLOSED,1743495035000,2025-06-02 16:15:05
7004,lyon,7004 - MAIRIE DU 7E,Place Jean Macé - Face à la mairie,"{'lat': 45.74656, 'lng': 4.842265}",False,False,30,23,6,OPEN,1748880750000,2025-06-02 16:15:05
5031,lyon,5031- MÉNIVAL / JOLIOT CURIE,49 RUE JOLIOT CURIE,"{'lat': 45.754654, 'lng': 4.78821}",False,False,20,19,1,OPEN,1748880693000,2025-06-02 16:15:05
12003,lyon,12003 - VAULX - BIBLIOTHEQUE,,"{'lat': 45.757092, 'lng': 4.92731}",False,False,15,7,8,OPEN,1748880587000,2025-06-02 16:15:05
25001,lyon,25001 - ST CYR,,"{'lat': 45.799742, 'lng': 4.819607}",False,False,12,6,6,OPEN,1748880278000,2025-06-02 16:15:05
5041,lyon,5041 - L'HOMME DE LA ROCHE,55 QUAI PIERRE SCIZE,"{'lat': 45.766576, 'lng': 4.820214}",False,False,21,18,3,OPEN,1748880697000,2025-06-02 16:15:05
5009,lyon,5009 - PLACE ENNEMOND FOUSSERET,angle quai de Bondy,"{'lat': 45.764695, 'lng': 4.828969}",False,False,16,5,8,OPEN,1748880844000,2025-06-02 16:15:05
3034,lyon,3034 - GARIBALDI / PENSIONNAT,,"{'lat': 45.754727, 'lng': 4.85346}",False,False,30,28,2,OPEN,1748880716000,2025-06-02 16:15:05
8030,lyon,8030 - LAËNNEC,Angle rue Nungesser et Coli,"{'lat': 45.741425, 'lng': 4.879733}",False,False,16,14,2,OPEN,1748880576000,2025-06-02 16:15:05
5036,lyon,5036 - LA SALETTE,104 RUE DU COMMANDANT CHARCOT,"{'lat': 45.749627, 'lng': 4.795546}",False,False,15,11,3,OPEN,1748880543000,2025-06-02 16:15:05
8003,lyon,8003 - CLAUDE BERNARD LYON I,Devant entrée de la fac,"{'lat': 45.738135, 'lng': 4.886885}",False,False,16,15,1,OPEN,1748880744000,2025-06-02 16:15:05
3100,lyon,3100 - SISLEY / DAUPHINE,61 RUE DU DAUPHINE,"{'lat': 45.7524835251712, 'lng': 4.8687553636982}",False,False,17,13,1,OPEN,1748880870000,2025-06-02 16:15:05
28002,lyon,28002 - FONTAINES S/S - GAMBETTA,,"{'lat': 45.835406, 'lng': 4.8457}",False,False,20,6,14,OPEN,1748880710000,2025-06-02 16:15:05
10027,lyon,10027 - MAIRIE DE VILLEURBANNE,"Avenue Aristide Briand, en face de la mairie","{'lat': 45.766861, 'lng': 4.880059}",False,False,26,12,14,OPEN,1748880772000,2025-06-02 16:15:05
1012,lyon,1012 - AMPÈRE / BOURSE,Rue de la Bourse - Long du Collège-Lycée Ampère,"{'lat': 45.765789, 'lng': 4.836906}",False,False,26,23,1,OPEN,1748880595000,2025-06-02 16:15:05
10036,lyon,10036 - STALINGRAD,Boulevard Stalingrad/angle rue Charlie Chaplin,"{'lat': 45.77435, 'lng': 4.859157}",False,False,21,16,5,OPEN,1748880852000,2025-06-02 16:15:05
2018,lyon,2018 - HOTEL DIEU / PONT DE LA GUILLOTIERE,,"{'lat': 45.757571, 'lng': 4.837183}",False,False,50,32,18,OPEN,1748880685000,2025-06-02 16:15:05
2030,lyon,2030 - RÉPUBLIQUE / POULAILLERIE,Angle Poulaillerie / République,"{'lat': 45.764079, 'lng': 4.835554}",False,False,32,23,9,OPEN,1748880812000,2025-06-02 16:15:05
8051,lyon,8051 - HÔPITAL SAINT-JEAN DE DIEU,303 ROUTE DE VIENNE (VENISSIEUX),"{'lat': 45.724172, 'lng': 4.854165}",False,False,20,15,5,OPEN,1748880652000,2025-06-02 16:15:05
7057,lyon,7057 - JAURES / BOLLIER,217b–221 Avenue Jean Jaurès 69007 Lyon,"{'lat': 45.734712, 'lng': 4.835486}",False,False,34,28,6,OPEN,1748880798000,2025-06-02 16:15:05
17001,lyon,17001 - ST FONS - ARSENAL,,"{'lat': 45.712362, 'lng': 4.855202}",False,False,27,9,18,OPEN,1748880693000,2025-06-02 16:15:05
7052,lyon,7052 - PARC BLANDAN,Rue de l'Epargne,"{'lat': 45.745939, 'lng': 4.851214}",False,False,25,15,10,OPEN,1748880789000,2025-06-02 16:15:05
7001,lyon,7001 - PLACE GABRIEL PÉRI,Place Gabriel Péri,"{'lat': 45.7550229384571, 'lng': 4.84393624921001}",False,False,24,10,13,OPEN,1748880734000,2025-06-02 16:15:05
6036,lyon,6036 - MUSÉE D'ART CONTEMPORAIN,Allée A. Lignon,"{'lat': 45.783885, 'lng': 4.852156}",False,False,23,14,9,OPEN,1748880860000,2025-06-02 16:15:05
7005,lyon,7005 - DEBOURG,Avenue Debourg - Angle avenue Jean Jaurès,"{'lat': 45.73182, 'lng': 4.833996}",False,False,20,18,1,OPEN,1748880854000,2025-06-02 16:15:05
8052,lyon,8052 - CLINIQUE MONPLAISIR,2 AV. DES FRERES LUMIERE,"{'lat': 45.747091, 'lng': 4.860196}",False,False,16,15,1,OPEN,1748880802000,2025-06-02 16:15:05
6011,lyon,6011- MAIRIE DU 6E,Angle rue Boileau,"{'lat': 45.768395, 'lng': 4.849402}",False,False,23,21,2,OPEN,1748880770000,2025-06-02 16:15:05
7061,lyon,7061 - JAURES / UNIVERSITE,64 AV. JEAN JAURES,"{'lat': 45.748545, 'lng': 4.843249}",False,False,20,11,9,OPEN,1748880875000,2025-06-02 16:15:05
10013,lyon,10013 - CUSSET,103 RUE PIERRE VOYANT (VILLEURBANNE),"{'lat': 45.764961, 'lng': 4.901018}",False,False,20,18,2,OPEN,1748880666000,2025-06-02 16:15:05
2005,lyon,2005 - CONFLUENCE HÔTEL DE RÉGION,101 cours Charlemagne Lyon 2 direction centre ville. Devant l'hôtel de Région,"{'lat': 45.740675, 'lng': 4.819284}",False,False,32,27,1,OPEN,1748880868000,2025-06-02 16:15:05
1032,lyon,1032 - PIZAY,17 RUE PIZAY,"{'lat': 45.767165, 'lng': 4.836334}",False,False,22,7,14,OPEN,1748880674000,2025-06-02 16:15:05
5030,lyon,5030 - CHARCOT / RÉSIDENCE UNIVERSITAIRE,Angle rue du fort Ste Irénée / Charcot,"{'lat': 45.755054, 'lng': 4.807811}",False,False,32,21,10,OPEN,1748880716000,2025-06-02 16:15:05
8039,lyon,8039 - PIERRE DELORE,97 ROUTE DE VIENNE,"{'lat': 45.738617, 'lng': 4.852412}",False,False,20,13,6,OPEN,1748880753000,2025-06-02 16:15:05
7062,lyon,7062 - GARIBALDI / DOMER,51 RUE DOMER,"{'lat': 45.747735, 'lng': 4.85162}",False,False,19,16,3,OPEN,1748880585000,2025-06-02 16:15:05
2002,lyon,2002 - BELLECOUR / ST EXUPÉRY,PLACE BELLECOUR Côté rue Lintier,"{'lat': 45.758149, 'lng': 4.830428}",False,False,40,25,13,OPEN,1748880555000,2025-06-02 16:15:05
3087,lyon,3087 - PART-DIEU / GARIBALDI,4 BVD EUGENE DERUELLE,"{'lat': 45.762768, 'lng': 4.852563}",False,False,20,10,10,OPEN,1748880854000,2025-06-02 16:15:05
9004,lyon,9004 - GARE DE VAISE,Face entrée de la gare,"{'lat': 45.779786, 'lng': 4.804666}",True,False,22,1,20,OPEN,1748880737000,2025-06-02 16:15:05
8002,lyon,8002- PLACE AMBROISE COURTOIS,Face au cours Albert Thomas,"{'lat': 45.745296, 'lng': 4.871604}",False,False,20,18,2,OPEN,1748880836000,2025-06-02 16:15:05
10007,lyon,10007 - PIATON / CONDORCET,Av Piaton / angle Condorcet,"{'lat': 45.774204, 'lng': 4.867512}",False,False,20,15,5,OPEN,1748880839000,2025-06-02 16:15:05
9033,lyon,9033 - GORGE DE LOUP,49 RUE SGT BERTHET,"{'lat': 45.767484, 'lng': 4.805626}",False,False,40,39,0,OPEN,1748880309000,2025-06-02 16:15:05
5001,lyon,5001 - PLACE VARILLON (FUNICULAIRE ST JUST),Devant le n°63 rue de Trion,"{'lat': 45.757319, 'lng': 4.815064}",True,False,23,19,4,OPEN,1748880794000,2025-06-02 16:15:05
3018,lyon,3018 - CRÉQUI / VOLTAIRE,Angle rue Paul Bert,"{'lat': 45.756596, 'lng': 4.848442}",False,False,30,25,4,OPEN,1748880732000,2025-06-02 16:15:05
