name,address,position,available_bikes,timestamp,is_available
2010 - CONFLUENCE / DARSE,ANGLE ALLEE ANDRE MURE ET QUAI ANTOINE RIBOUD,"{'lat': 45.743317, 'lng': 4.815747}",14,2025-06-02 14:25:56,True
5015 - FULCHIRON,Devant le n°41 rue de la Quarantaine,"{'lat': 45.75197, 'lng': 4.821662}",3,2025-06-02 14:25:56,True
32001 - COUZON - CENTRE,,"{'lat': 45.846034, 'lng': 4.832409}",14,2025-06-02 14:25:56,True
6004 - FOCH,Angle rue Vendôme,"{'lat': 45.768896, 'lng': 4.844845}",0,2025-06-02 14:25:56,False
7035 - MARSEILLE / UNIVERSITÉ,Angle rue de Marseille,"{'lat': 45.750945, 'lng': 4.83927}",32,2025-06-02 14:25:56,True
10120 - SALENGRO / DESCARTES,41 AV. ROGER SALENGRO (VILLEURBANNE),"{'lat': 45.776239, 'lng': 4.871634}",6,2025-06-02 14:25:56,True
5016 - POINT DU JOUR / GRANGES,Devant la mairie du 5°,"{'lat': 45.756204, 'lng': 4.802727}",2,2025-06-02 14:25:56,True
9013 - QUAI PAUL SÉDALLIAN,Angle rue de la Navigation,"{'lat': 45.787522, 'lng': 4.814418}",19,2025-06-02 14:25:56,True
10028 - ECOLE DE MUSIQUE,Cours de la République/Angle Anatole France,"{'lat': 45.767467, 'lng': 4.874032}",6,2025-06-02 14:25:56,True
6041 - CITÉ INTERNATIONALE / TÊTE D'OR NORD,50 QUAI ACHILLE LIGNON,"{'lat': 45.78458, 'lng': 4.859664}",10,2025-06-02 14:25:56,True
15002 - ST PRIEST - CITE BERLIET,,"{'lat': 45.70597, 'lng': 4.900886}",13,2025-06-02 14:25:56,True
10005 - 11 NOVEMBRE,Face Entrée du Parc de la Tête d'Or**,"{'lat': 45.779702, 'lng': 4.860029}",29,2025-06-02 14:25:56,True
4012 - PLACE ADRIEN GODIEN,Angle montée de la Boucle,"{'lat': 45.778767, 'lng': 4.841109}",0,2025-06-02 14:25:56,False
11004 - CALUIRE - BRANLY / PASTEUR,,"{'lat': 45.79169, 'lng': 4.843452}",8,2025-06-02 14:25:56,True
16002 - VÉNISSIEUX - LÉVY / VIENNE,,"{'lat': 45.719399, 'lng': 4.854681}",10,2025-06-02 14:25:56,True
3009 - MUSEE AFRICAIN,133 COURS GAMBETTA,"{'lat': 45.750251, 'lng': 4.857919}",1,2025-06-02 14:25:56,True
10122 - VERDUN / DESGRAND,17 RUE DE VERDUN (VILLEURBANNE),"{'lat': 45.784023, 'lng': 4.897102}",7,2025-06-02 14:25:56,True
16001 - VENISSIEUX - PLACE ROMAND,,"{'lat': 45.725891, 'lng': 4.858428}",10,2025-06-02 14:25:56,True
10091 - CHÂTEAU GAILLARD / FORT,28 RUE DU CHÂTEAU GAILLARD (VILLEURBANNE),"{'lat': 45.774754, 'lng': 4.887977}",3,2025-06-02 14:25:56,True
2021 - RAMBAUD / ECOLE DU CINÉMA,,"{'lat': 45.745824, 'lng': 4.817176}",11,2025-06-02 14:25:56,True
4025 - CHAZIÈRE,29 RUE CHAZIERE,"{'lat': 45.775425, 'lng': 4.817888}",7,2025-06-02 14:25:56,True
10113 - GARE DE VILLEURBANNE,49 AV. GENERAL LECLERC (VILLEURBANNE),"{'lat': 45.755768, 'lng': 4.891542}",1,2025-06-02 14:25:56,True
4023 - PONT MASARYK,Face au 45 quai Gillet,"{'lat': 45.778175, 'lng': 4.810716}",8,2025-06-02 14:25:56,True
3066 - KIMMERLING / FAURE,139 AV. FELIX FAURE,"{'lat': 45.754296, 'lng': 4.86359}",2,2025-06-02 14:25:56,True
10111 - CHARLES HERNU,,"{'lat': 45.770309, 'lng': 4.86196}",14,2025-06-02 14:25:56,True
5040 - PLACE CRÉPU,7 PLACE BENOIT CREPU,"{'lat': 45.757847, 'lng': 4.826103}",10,2025-06-02 14:25:56,True
7008 - JEAN JAURÈS / GUILLOTIÈRE,Avenue Jean Jaurès - Angle rue de la Guillotière,"{'lat': 45.75251, 'lng': 4.846278}",9,2025-06-02 14:25:56,True
7024 - BANCEL / CHEVREUL,6 RUE BANCEL,"{'lat': 45.748504, 'lng': 4.840505}",7,2025-06-02 14:25:56,True
2023 -  PERRACHE / PETIT,Entre rue Victor Hugo et rue d'Auvergne,"{'lat': 45.7444746076792, 'lng': 4.82671963006449}",2,2025-06-02 14:25:56,True
4004 - HÉNON,Angle rue Hénon,"{'lat': 45.779786, 'lng': 4.827635}",1,2025-06-02 14:25:56,True
8061 - STADE VUILLERMET,164 AV. PAUL SANTY,"{'lat': 45.725403, 'lng': 4.881292}",8,2025-06-02 14:25:56,True
1023 - CROIX ROUSSE / PERFETTI,16 BVD DE LA CROIX-ROUSSE,"{'lat': 45.772229, 'lng': 4.819389}",1,2025-06-02 14:25:56,True
7003 - GAMBETTA / GARIBALDI,Cours Gambette - Prolongement rue Rachais,"{'lat': 45.751827, 'lng': 4.8526}",7,2025-06-02 14:25:56,True
7030 - QUARTIER GENERAL FRERE,33 Boulevard Yves Farge 69007 Lyon,"{'lat': 45.743163, 'lng': 4.834165}",28,2025-06-02 14:25:56,True
6042 - CITÉ INTERNATIONALE / RÉSIDENCE HÔTELIÈRE,devant la résidence hôtelière à l'ouest de la place publique,"{'lat': 45.784812, 'lng': 4.856432}",23,2025-06-02 14:25:56,True
2013 - CÉLESTINS,"Côté nord de la place, vers l'ascenseur","{'lat': 45.759932, 'lng': 4.832111}",19,2025-06-02 14:25:56,True
3086 - FEUILLAT / LACASSAGNE,76 AV. LACASSAGNE,"{'lat': 45.749563, 'lng': 4.875934}",3,2025-06-02 14:25:56,True
8025 - DUMONT / JOUVET,12 RUE SANTOS DUMONT,"{'lat': 45.744447, 'lng': 4.860889}",8,2025-06-02 14:25:56,True
3050 - FRICHE RVI,5 rue Félix Rollet 69003 Lyon,"{'lat': 45.748346, 'lng': 4.875955}",1,2025-06-02 14:25:56,True
8056 - DELORE / AUDIBERT ET LAVIROTTE,69 RUE AUDIBERT ET LAVIROTTE,"{'lat': 45.73586, 'lng': 4.856888}",5,2025-06-02 14:25:56,True
10119 - VILLEURBANNE SAINT-JEAN,2 RUE DES ACACIAS VILLEURBANNE,"{'lat': 45.780422, 'lng': 4.904505}",8,2025-06-02 14:25:56,True
7053 - JAURÈS / THIBAUDIÈRE,26 RUE DE LA THIBAUDIERE,"{'lat': 45.750344, 'lng': 4.845048}",10,2025-06-02 14:25:56,True
3012 - PLACE DU CHÂTEAU,A côté de l'église,"{'lat': 45.749565, 'lng': 4.887311}",4,2025-06-02 14:25:56,True
4009 - JACQUARD / DENFERT-ROCHEREAU,Rue Denfert-Rochereau / Angle rue Jacquart,"{'lat': 45.77591, 'lng': 4.825394}",0,2025-06-02 14:25:56,False
10089 - COLIN / PERRONCEL,Rue Colin - Angle rue Alexis Perroncel,"{'lat': 45.774581, 'lng': 4.87406}",8,2025-06-02 14:25:56,True
1031 - PLACE DE LA PAIX,Place de la Paix - En face de La Poste,"{'lat': 45.768023, 'lng': 4.831733}",0,2025-06-02 14:25:56,False
3037 - PAUL BERT / GARIBALDI,Rue Paul Bert,"{'lat': 45.757112, 'lng': 4.853405}",7,2025-06-02 14:25:56,True
8035 - SANS SOUCI,54 COURS ALBERT THOMAS,"{'lat': 45.747251, 'lng': 4.865386}",5,2025-06-02 14:25:56,True
5045 - VALDO / RIVET,64 RUE JEUNET,"{'lat': 45.750497, 'lng': 4.788819}",1,2025-06-02 14:25:56,True
13001 - DECINES - CENTRE,,"{'lat': 45.771902, 'lng': 4.955721}",10,2025-06-02 14:25:56,True
6035 - CITÉ INTERNATIONALE,Face parvis du palais des congrès,"{'lat': 45.785456, 'lng': 4.854085}",16,2025-06-02 14:25:56,True
1036 - AVEYRON,158 BVD DE LA CROIX-ROUSSE,"{'lat': 45.774366, 'lng': 4.832716}",3,2025-06-02 14:25:56,True
6022 - PLACE MARÉCHAL LYAUTEY,Pierre Corneille/cours Franklin Roosevelt,"{'lat': 45.769383, 'lng': 4.842364}",2,2025-06-02 14:25:56,True
9020 - BOURBONNAIS,Angle rue Horand / rue Masset,"{'lat': 45.773468, 'lng': 4.800286}",10,2025-06-02 14:25:56,True
2027 - PERRACHE EST,,"{'lat': 45.746163, 'lng': 4.82548}",2,2025-06-02 14:25:56,True
2016 - PLACE REGAUD,Angle rue Tupin / rue Herriot,"{'lat': 45.763065, 'lng': 4.83425}",9,2025-06-02 14:25:56,True
3080 - PART-DIEU / VILLETTE,55 RUE DE LA VILLETTE,"{'lat': 45.760042, 'lng': 4.861734}",7,2025-06-02 14:25:56,True
5029 - PLACE GERSON,Prox. Quai Pierre Scize,"{'lat': 45.767057, 'lng': 4.827014}",6,2025-06-02 14:25:56,True
2004 - PERRACHE / CARNOT,16 PLACE CARNOT,"{'lat': 45.750116, 'lng': 4.82801}",18,2025-06-02 14:25:56,True
14001 - BRON - CENTRE NAUTIQUE,,"{'lat': 45.742932, 'lng': 4.90863}",13,2025-06-02 14:25:56,True
7009 - JEAN JAURÈS,174–180 Avenue Jean Jaurès 69007 Lyon,"{'lat': 45.737503, 'lng': 4.837484}",7,2025-06-02 14:25:56,True
7045 - PARC DES BERGES,40 AV. LECLERC,"{'lat': 45.737745, 'lng': 4.824495}",14,2025-06-02 14:25:56,True
3101 - PATINOIRE BARABAN,55 RUE DE BARABAN,"{'lat': 45.762055, 'lng': 4.868486}",3,2025-06-02 14:25:56,True
4021 - TABAREAU,Angle Bvd de la Croix-Rousse,"{'lat': 45.774061, 'lng': 4.82516}",3,2025-06-02 14:25:56,True
3103 - PLACE DANTON,3 PLACE DANTON,"{'lat': 45.7548502313005, 'lng': 4.85748756866509}",6,2025-06-02 14:25:56,True
6031 - LAFAYETTE / CORNEILLE,Angle cours Lafayette,"{'lat': 45.763717, 'lng': 4.843791}",11,2025-06-02 14:25:56,True
10018 - TOLSTOÏ / FLORIAN,"118 COURS TOLSTOI
69100 VILLEURBANNE","{'lat': 45.7618786774588, 'lng': 4.88106205566506}",3,2025-06-02 14:25:56,True
9049 - SERGENT BERTHET / GORGE DE LOUP,23 RUE GORGE DE LOUP,"{'lat': 45.770136, 'lng': 4.80516}",0,2025-06-02 14:25:56,False
3017 - SAXE / DUNOIR,,"{'lat': 45.760912, 'lng': 4.845291}",10,2025-06-02 14:25:56,True
9009 - BERLIOZ / CHALINEL,,"{'lat': 45.801192, 'lng': 4.825451}",3,2025-06-02 14:25:56,True
10021 - GRANDCLÉMENT,Angle cours Tolstoï,"{'lat': 45.759743, 'lng': 4.889938}",7,2025-06-02 14:25:56,True
7023 - BERTHELOT / ROUTE DE VIENNE,Route de Vienne - Angle avenue Berthelot,"{'lat': 45.742639, 'lng': 4.850538}",6,2025-06-02 14:25:56,True
6044 - CHARMETTES / BELLECOMBE,23 RUE DE LA VIABERT,"{'lat': 45.766372, 'lng': 4.865058}",0,2025-06-02 14:25:56,False
3008 - INSTITUT LUMIERE,105 COURS ALBERT THOMAS,"{'lat': 45.745828, 'lng': 4.870631}",0,2025-06-02 14:25:56,False
8042 - FRANCIS DE PRESSENSÉ,73 RUE CAZENEUVE,"{'lat': 45.731361, 'lng': 4.860139}",13,2025-06-02 14:25:56,True
9044 - MASSET / SAINT-PIERRE DE VAISE,20 AV. JOANNES MASSET,"{'lat': 45.770508, 'lng': 4.800869}",15,2025-06-02 14:25:56,True
28001 - FONTAINES S/S - QUAI SIMON,,"{'lat': 45.832495, 'lng': 4.848795}",7,2025-06-02 14:25:56,True
10075 - GABRIEL PÉRI,Angle cours André Philip,"{'lat': 45.772277, 'lng': 4.865774}",3,2025-06-02 14:25:56,True
4006 - PHILIPPE DE LASSALLE,"Angle rue Anselme, face à l'IUFM","{'lat': 45.773358, 'lng': 4.821234}",2,2025-06-02 14:25:56,True
6017 - LAFAYETTE / INKERMANN,,"{'lat': 45.764062, 'lng': 4.865802}",13,2025-06-02 14:25:56,True
2036 - PLACE ANTONIN GOURJU,11 PLACE ANTONIN GOURJU,"{'lat': 45.759494, 'lng': 4.830161}",15,2025-06-02 14:25:56,True
6002 - PORTE DES ENFANTS DU RHÔNE,"Le long des grilles, côté ouest de la porte","{'lat': 45.777521, 'lng': 4.844922}",4,2025-06-02 14:25:56,True
6032 - PRÉFECTURE / SARRAIL,Angle rue Vauban,"{'lat': 45.764821, 'lng': 4.841567}",11,2025-06-02 14:25:56,True
8055 - SAINT-ROMAIN / BERLIET,,"{'lat': 45.74222, 'lng': 4.860219}",5,2025-06-02 14:25:56,True
7033 - SAINT-LUC / SAINT-JOSEPH,Sur le quai haut,"{'lat': 45.749431, 'lng': 4.834816}",11,2025-06-02 14:25:56,True
10016 - PLACE DE LA PAIX,10 PLACE DE LA PAIX (VILLEURBANNE),"{'lat': 45.752074, 'lng': 4.91466}",7,2025-06-02 14:25:56,True
7041 - DOMER / CHEVREUL,Rue Domer/angle rue Chevreul,"{'lat': 45.746681, 'lng': 4.844455}",4,2025-06-02 14:25:56,True
3090 - VINATIER,,"{'lat': 45.741922, 'lng': 4.894068}",3,2025-06-02 14:25:56,True
8008 - BEAUVISAGE / PRESSENSÉ,Rue du Professeur Beauvisage,"{'lat': 45.727881, 'lng': 4.86355}",8,2025-06-02 14:25:56,True
3071 - BIOPARC,angle ave Rockfeller / cours Eugénie face au Bioparc,"{'lat': 45.740492, 'lng': 4.888084}",10,2025-06-02 14:25:56,True
5006 - QUAI ROMAIN ROLLAND,Face ancien Palais de Justice,"{'lat': 45.7620452080746, 'lng': 4.82872732991442}",8,2025-06-02 14:25:56,True
10014 - LAURENT BONNEVAY / ASTROBALLE,64 AV. MARCEL CERDAN,"{'lat': 45.765214, 'lng': 4.909808}",20,2025-06-02 14:25:56,True
10004 - TONKIN,Rue Salvador Allende / Angle promenade du Lys,"{'lat': 45.776217, 'lng': 4.862636}",0,2025-06-02 14:25:56,False
1013 - MARTINIÈRE,Rue de la Martinière,"{'lat': 45.768223, 'lng': 4.827533}",0,2025-06-02 14:25:56,False
26001 - ST DIDIER,,"{'lat': 45.791621, 'lng': 4.808426}",12,2025-06-02 14:25:56,True
6028 - RÉCAMIER / TÊTE D'OR,Angle rue Tête d'Or,"{'lat': 45.764345, 'lng': 4.853492}",12,2025-06-02 14:25:56,True
10034 - DOCTEUR DAMIDOT,Devant la MJC,"{'lat': 45.761825, 'lng': 4.886156}",4,2025-06-02 14:25:56,True
3058 - PLACE DU LAC,Face à la poste,"{'lat': 45.758974, 'lng': 4.853599}",12,2025-06-02 14:25:56,True
6045 - BROTTEAUX / VAUBAN,44 BVD DES BROTTEAUX,"{'lat': 45.766284, 'lng': 4.856848}",8,2025-06-02 14:25:56,True
5047 - ALBÉRIC PONT,2B RUE DR. ALBERIC PONT,"{'lat': 45.753452, 'lng': 4.804401}",1,2025-06-02 14:25:56,True
8053 - LUMIERE / TROUILHET,6 RUE ANTOINE LUMIERE,"{'lat': 45.743569, 'lng': 4.870083}",1,2025-06-02 14:25:56,True
9008 - L'ILE BARBE,3 QUAI PAUL SEDAILLAN,"{'lat': 45.797415, 'lng': 4.829038}",12,2025-06-02 14:25:56,True
9046 - MANGINI,,"{'lat': 45.790414, 'lng': 4.816359}",22,2025-06-02 14:25:56,True
4042 - GREGORY COUPET,94 RUE PHILIPPE DE LASALLE,"{'lat': 45.781699, 'lng': 4.820596}",9,2025-06-02 14:25:56,True
10053 - ROSSELINI / 11 NOVEMBRE,Bd du 11 novembre angle av. Claude Bernard,"{'lat': 45.77939, 'lng': 4.863068}",26,2025-06-02 14:25:56,True
6039 - GARIBALDI / BUGEAUD,,"{'lat': 45.766708, 'lng': 4.852073}",1,2025-06-02 14:25:56,True
10110 - MÉMOIRE ET SOCIÉTÉ,20 RUE VALENTIN HAUY (VILLEURBANNE),"{'lat': 45.75958, 'lng': 4.882739}",5,2025-06-02 14:25:56,True
6021 - GARIBALDI,Entre rue Crillon et rue Sully,"{'lat': 45.770664, 'lng': 4.849946}",0,2025-06-02 14:25:56,False
5053 - SAINT-JUST,1 PLACE DE L'ABBE LARUE,"{'lat': 45.75597, 'lng': 4.818904}",2,2025-06-02 14:25:56,True
8058 - LONGEFER / KRUGER,10 RUE PDT P. KRUGER,"{'lat': 45.738671, 'lng': 4.878117}",3,2025-06-02 14:25:56,True
2037 - PLACE DES ARCHIVES,12 COURS CHARLEMAGNE,"{'lat': 45.747956, 'lng': 4.824898}",2,2025-06-02 14:25:56,True
14004 - BRON - MAIRIE,,"{'lat': 45.73403, 'lng': 4.908777}",12,2025-06-02 14:25:56,True
2026 - RÉPUBLIQUE / PAUFIQUE,Angle rue de la République,"{'lat': 45.759379, 'lng': 4.835414}",24,2025-06-02 14:25:56,True
22001 - STE FOY - PLACE ST LUC,,"{'lat': 45.749588, 'lng': 4.800967}",6,2025-06-02 14:25:56,True
9003 - PLACE VALMY,Rue Roquette / angle rue de Bourgogne,"{'lat': 45.775679, 'lng': 4.805314}",4,2025-06-02 14:25:56,True
2038 - REMPARTS D'AINAY,16 RUE DES REMPARTS D'AINAY,"{'lat': 45.753077, 'lng': 4.829706}",14,2025-06-02 14:25:56,True
8054 - MARTINIÈRE / MONPLAISIR,34 RUE ANTOINE LUMIERE,"{'lat': 45.740865, 'lng': 4.868244}",1,2025-06-02 14:25:56,True
7039 - GUILLOTIÈRE / MADELEINE,Angle rue de la Madeleine,"{'lat': 45.751073, 'lng': 4.848018}",10,2025-06-02 14:25:56,True
2012 - GAILLETON,3 PLACE GAILLETON,"{'lat': 45.753455, 'lng': 4.833367}",10,2025-06-02 14:25:56,True
7006 - GERLAND,Avenue Jean Jaurès - Au niveau du square Galtier,"{'lat': 45.727494, 'lng': 4.831145}",28,2025-06-02 14:25:56,True
8023 - MERMOZ / PINEL,,"{'lat': 45.730788, 'lng': 4.887513}",6,2025-06-02 14:25:56,True
8011 - PLACE LEBRET,Côté route de Vienne,"{'lat': 45.735653, 'lng': 4.853042}",5,2025-06-02 14:25:56,True
1006- SUBSISTANCES,12 QUAI ST VINCENT,"{'lat': 45.767912, 'lng': 4.819872}",18,2025-06-02 14:25:56,True
4002 - MAIRIE DU 4E,Devant la mairie du 4°,"{'lat': 45.774193, 'lng': 4.827743}",3,2025-06-02 14:25:56,True
20003 - OULLINS - PONT BLANC,,"{'lat': 45.720156, 'lng': 4.798426}",12,2025-06-02 14:25:56,True
3081 - PART-DIEU / FRANCFORT,44 RUE MAURICE FLANDIN 69003 LYON,"{'lat': 45.760689, 'lng': 4.863069}",3,2025-06-02 14:25:56,True
4007 - PLACE FLAMMARION,Côté Rue Philippe de Lassalle,"{'lat': 45.779332, 'lng': 4.820259}",5,2025-06-02 14:25:56,True
30002 - RILLIEUX - LOUP PENDU,,"{'lat': 45.815973, 'lng': 4.887019}",3,2025-06-02 14:25:56,True
10092 - MONTGOLFIER / CHATEAU GAILLARD,3 RUE DU CHAMP DE L'ORME (VILLEURBANNE),"{'lat': 45.771561, 'lng': 4.890378}",1,2025-06-02 14:25:56,True
16011 - VENISSIEUX - FARGE / CLOCHETTES,Boulevard Yves Farges angle rue des Clochettes 69200 Vénissieux,"{'lat': 45.697423, 'lng': 4.858227}",0,2025-06-02 14:25:56,False
10024 - MAISONS NEUVES,Place des Maisons Neuves/Côté rue Jean Jaurès,"{'lat': 45.755988, 'lng': 4.877409}",1,2025-06-02 14:25:56,True
1034 - CARMÉLITES,30 MONTEE DES CARMELITES,"{'lat': 45.770006, 'lng': 4.829274}",0,2025-06-02 14:25:56,False
3013 - PLACE ANTOINETTE,Place Antoinette,"{'lat': 45.753683, 'lng': 4.889285}",1,2025-06-02 14:25:56,True
10008 - SALENGRO / VAILLANT,Rue Roger Salengro - Angle rue Vaillant,"{'lat': 45.778385, 'lng': 4.879673}",8,2025-06-02 14:25:56,True
3083 - LES HALLES,118 RUE MONCEY,"{'lat': 45.761595, 'lng': 4.850477}",15,2025-06-02 14:25:56,True
6024 - TRONCHET / ANATOLE FRANCE,Angle bvd Anatole France,"{'lat': 45.770743, 'lng': 4.856713}",2,2025-06-02 14:25:56,True
8006 - PLACE DU 8 MAI 1945,Rue Professeur Beauvisage/Angle bd des Etats-Unis,"{'lat': 45.729771, 'lng': 4.868157}",12,2025-06-02 14:25:56,True
23001 - TASSIN - TUILERIES,,"{'lat': 45.763244, 'lng': 4.778641}",2,2025-06-02 14:25:56,True
9052 - BALMONT,360 BVD DE BALMONT,"{'lat': 45.789194, 'lng': 4.799308}",2,2025-06-02 14:25:56,True
12002 - VAULX - POUDRETTE / LA SOIE,"Face au 2 rue de la Poudrette, Vaulx en Velin","{'lat': 45.76438, 'lng': 4.919276}",9,2025-06-02 14:25:56,True
6033 - CRÉQUI / LAFAYETTE,153 RUE CREQUI,"{'lat': 45.763755, 'lng': 4.847082}",10,2025-06-02 14:25:56,True
16006 - VENISSIEUX - COBLOD,"83, boulevard du docteur Coblod 69200 Vénissieux","{'lat': 45.697014, 'lng': 4.896127}",0,2025-06-02 14:25:56,False
10012 - ZOLA / FRANCE,Rue de France/Angle Cours Emile Zola,"{'lat': 45.767957, 'lng': 4.887232}",0,2025-06-02 14:25:56,False
10124 - SALENGRO / YVONNE,"1 rue Georges Courteline
69100 Villeurbanne","{'lat': 45.7772936957677, 'lng': 4.87675865740856}",9,2025-06-02 14:25:56,True
10123 - SAINT JEAN CANAL,,"{'lat': 45.776646, 'lng': 4.902366}",10,2025-06-02 14:25:56,True
4022 - PLACE DE LA CROIX-ROUSSE,Prox. Grande rue de la Croix-Rousse,"{'lat': 45.77608, 'lng': 4.832543}",1,2025-06-02 14:25:56,True
10047 - LHERMINIER / PRESSENSÉ,Avenue du Cdt Lherminier/Angle rue F. de Pressensé,"{'lat': 45.771143, 'lng': 4.88504}",4,2025-06-02 14:25:56,True
7021 - CHALLEMEL LACOUR / GERLAND,176–180 Rue de Gerland 69007 Lyon,"{'lat': 45.729791, 'lng': 4.838138}",4,2025-06-02 14:25:56,True
3004 - BOURSE DU TRAVAIL,Angle rue Moncey / Part-Dieu,"{'lat': 45.759648, 'lng': 4.848139}",25,2025-06-02 14:25:56,True
3016 - LIBERTÉ / PART-DIEU,Angle rue de la Part-Dieu,"{'lat': 45.759361, 'lng': 4.842308}",11,2025-06-02 14:25:56,True
2003 - PLACE AMPÈRE,Angle Henry IV,"{'lat': 45.753049, 'lng': 4.828297}",6,2025-06-02 14:25:56,True
7017 - BEAUVOIR / MAROT,,"{'lat': 45.73674, 'lng': 4.834106}",16,2025-06-02 14:25:56,True
19001 - ST GENIS L. - MÉDIATHÈQUE,,"{'lat': 45.697863, 'lng': 4.794658}",12,2025-06-02 14:25:56,True
6003 - AVENUE VERGUIN,Devant l'entrée du parc,"{'lat': 45.772846, 'lng': 4.856274}",8,2025-06-02 14:25:56,True
7015 - TECHSUD,Rue professeur Jean Bernard angle Boulevard Chambaud de la Bruyère Lyon 7,"{'lat': 45.7228, 'lng': 4.842706}",2,2025-06-02 14:25:56,True
8024 - MERMOZ / MICHELET,Angle av Michelet,"{'lat': 45.733317, 'lng': 4.878607}",1,2025-06-02 14:25:56,True
7026 - BALDASSINI / GERLAND,,"{'lat': 45.727691, 'lng': 4.837392}",14,2025-06-02 14:25:56,True
24001 - ECULLY - MAIRIE,,"{'lat': 45.775112, 'lng': 4.778531}",9,2025-06-02 14:25:56,True
7007 - FARGE / AYASSE,Angle Bld Y. Farge / rue Commandant Ayasse,"{'lat': 45.735741, 'lng': 4.827725}",16,2025-06-02 14:25:56,True
8038 - ALBERT THOMAS / VILLON,Angle rue Villon,"{'lat': 45.746691, 'lng': 4.867501}",2,2025-06-02 14:25:56,True
10072 - JACQUES BREL,Rue Jacques Brel/angle rue Korel,"{'lat': 45.774228, 'lng': 4.864269}",23,2025-06-02 14:25:56,True
18001 - PIERRE BÉNITE - EUROPE,,"{'lat': 45.703245, 'lng': 4.821204}",4,2025-06-02 14:25:56,True
6020 - MUSÉE GUIMET,Angle rue Morellet,"{'lat': 45.774526, 'lng': 4.848443}",1,2025-06-02 14:25:56,True
12001 - VAULX - LA SOIE,45 RUE DE LA POUDRETTE (VILLEURBANNE),"{'lat': 45.760908, 'lng': 4.920569}",11,2025-06-02 14:25:56,True
10055 - CONDORCET / GALLINE,Avenue Galline/angle av. de Condorcet,"{'lat': 45.776428, 'lng': 4.866976}",15,2025-06-02 14:25:56,True
6025 - PLACE D'HELVÉTIE,,"{'lat': 45.773232, 'lng': 4.841949}",1,2025-06-02 14:25:56,True
3094 - VILLETTE,74 RUE DE LA VILLETTE,"{'lat': 45.757808, 'lng': 4.861512}",5,2025-06-02 14:25:56,True
5044 - CHAMPVERT,87 RUE DOCTEUR EDMOND LOCARD,"{'lat': 45.760056, 'lng': 4.798366}",0,2025-06-02 14:25:56,False
3069 - DAUPHINÉ / SAINT-MAXIMIN,,"{'lat': 45.750002, 'lng': 4.864587}",1,2025-06-02 14:25:56,True
10006 - CHARPENNES,Place Charles Hernu / côté sud,"{'lat': 45.770225, 'lng': 4.863102}",20,2025-06-02 14:25:56,True
9011 - CONSERVATOIRE,Quai Chauveau / angle Pont Koenig,"{'lat': 45.769803, 'lng': 4.812681}",4,2025-06-02 14:25:56,True
21001 - LA MULATIERE - AQUARIUM,,"{'lat': 45.727309, 'lng': 4.814779}",6,2025-06-02 14:25:56,True
9015 - SAINT-CYR,,"{'lat': 45.782855, 'lng': 4.807288}",9,2025-06-02 14:25:56,True
6012 - PLACE PUVIS DE CHAVANNES,Angle rue Vendôme,"{'lat': 45.771794, 'lng': 4.84459}",2,2025-06-02 14:25:56,True
8009 - JEAN XXIII / MERMOZ,Boulevard Jean XXIII - Angle de la rue Mermoz,"{'lat': 45.73648, 'lng': 4.869789}",2,2025-06-02 14:25:56,True
10073 - INSTITUT D'ART CONTEMPORAIN,Rue Docteur Dolard / Angle rue 4 Septembre,"{'lat': 45.761468, 'lng': 4.872466}",7,2025-06-02 14:25:56,True
2035 - CHILDEBERT / RIVIÈRE,,"{'lat': 45.759842, 'lng': 4.835776}",20,2025-06-02 14:25:56,True
9014 - QUAI DU COMMERCE,Angle rue Emile Duport,"{'lat': 45.7820006188352, 'lng': 4.81043960203213}",16,2025-06-02 14:25:56,True
3097 - AUGAGNEUR / FOSSE AUX OURS,28 QUAI VICTOR AUGAGNEUR,"{'lat': 45.7566535, 'lng': 4.8404787}",18,2025-06-02 14:25:56,True
9022 - MASARYK / SAINT-CYR,Angle rue Chinard/rue St Cyr,"{'lat': 45.778639, 'lng': 4.8071}",5,2025-06-02 14:25:56,True
3138 - VIVIER MERLE / PAUL BERT OUEST,Devant l'hôtel IBIS,"{'lat': 45.757484, 'lng': 4.858386}",11,2025-06-02 14:25:56,True
10112 - PLACE DE LA RECONNAISSANCE,105 ROUTE DE GENAS (VILLEURBANNE),"{'lat': 45.754415, 'lng': 4.885249}",4,2025-06-02 14:25:56,True
4024 - LYON METROPOLE,FACE AU 81 QUAI JOSEPH GILLET,"{'lat': 45.788204, 'lng': 4.818572}",3,2025-06-02 14:25:56,True
15001 - ST PRIEST - PARC TECHNOLOGIQUE,,"{'lat': 45.714426, 'lng': 4.930975}",12,2025-06-02 14:25:56,True
8041 - ETATS-UNIS / VIVIANI,"170 Boulevard des Etats-Unis, Angle Avenue Viviani, direction Venissieux","{'lat': 45.724775, 'lng': 4.870745}",11,2025-06-02 14:25:56,True
2008 - PLACE ANTONIN PONCET,Côté rue des Marroniers,"{'lat': 45.756775, 'lng': 4.833917}",14,2025-06-02 14:25:56,True
7019 - CROIX BARRET / BOURDEIX,,"{'lat': 45.736722, 'lng': 4.841079}",31,2025-06-02 14:25:56,True
1005 - MEISSONNIER,Place Meissonier - Angle Sud-Est de la place,"{'lat': 45.766073, 'lng': 4.832849}",1,2025-06-02 14:25:56,True
6040 - LES HALLES,71 COURS LAFAYETTE,"{'lat': 45.764013, 'lng': 4.849933}",9,2025-06-02 14:25:56,True
10044 - ROCARD OCTAVIE,,"{'lat': 45.7809037283842, 'lng': 4.88958755288143}",10,2025-06-02 14:25:56,True
2022 - PLACE CARNOT,Angle rue Plessier,"{'lat': 45.751233, 'lng': 4.82688}",5,2025-06-02 14:25:56,True
4014 - PHILIPPE DE LASSALLE / PILLEMENT,Angle rue Pillement,"{'lat': 45.777431, 'lng': 4.820526}",1,2025-06-02 14:25:56,True
7036 - GRYPHE / MONTESQUIEU,,"{'lat': 45.751902, 'lng': 4.843812}",4,2025-06-02 14:25:56,True
9029 - SAINT PIERRE DE VAISE,Place Vanderpol/Angle St Pierre de Vaise,"{'lat': 45.773125, 'lng': 4.807831}",2,2025-06-02 14:25:56,True
3099 - PLACE SAINTE ANNE,10 PLACE SAINTE ANNE,"{'lat': 45.757042, 'lng': 4.86532}",4,2025-06-02 14:25:56,True
8001 - UNIVERSITÉ LYON III,Devant entrée principale de l'université,"{'lat': 45.748535, 'lng': 4.861533}",5,2025-06-02 14:25:56,True
3005 - SAXE / GAMBETTA,Place Victor Basch,"{'lat': 45.75377, 'lng': 4.848043}",17,2025-06-02 14:25:56,True
0-555 - ATELIER VÉLO'V,,"{'lat': 45.780403, 'lng': 4.904869}",2,2025-06-02 14:25:56,True
8033 - BERTHELOT / CAZENEUVE,,"{'lat': 45.737481, 'lng': 4.865503}",5,2025-06-02 14:25:56,True
10058 - MÉTRO FLACHET,274 COURS EMILE ZOLA (VILLEURBANNE),"{'lat': 45.767051, 'lng': 4.892467}",15,2025-06-02 14:25:56,True
8010 - PLACE MENDÈS FRANCE,95 AV. DE L'EUROPE,"{'lat': 45.740052, 'lng': 4.85941}",2,2025-06-02 14:25:56,True
3067 - HACHETTE,6 RUE JEAN RENOIR,"{'lat': 45.752907, 'lng': 4.863923}",7,2025-06-02 14:25:56,True
7055 - SERVANT / JABOULAY,23 RUE RENAN,"{'lat': 45.746779, 'lng': 4.842051}",3,2025-06-02 14:25:56,True
17002 - ST FONS - 4 CHEMINS,,"{'lat': 45.708561, 'lng': 4.854821}",11,2025-06-02 14:25:56,True
5002 - PLACE DES COMPAGNONS DE LA CHANSON,Angle rue des Aqueducs,"{'lat': 45.756535, 'lng': 4.796616}",1,2025-06-02 14:25:56,True
10084 - DOUA / AVENUE DES ARTS,84 avenue des Arts,"{'lat': 45.783533, 'lng': 4.871294}",26,2025-06-02 14:25:56,True
9042 - VAISE DOCKS,39 rue des Docks Lyon 9,"{'lat': 45.786533, 'lng': 4.811446}",10,2025-06-02 14:25:56,True
7013 - HALLE TONY GARNIER,93–131 Avenue Tony Garnier 69007 Lyon,"{'lat': 45.730786, 'lng': 4.823733}",11,2025-06-02 14:25:56,True
14003 - BRON - PLACE CURIAL,,"{'lat': 45.736633, 'lng': 4.917009}",17,2025-06-02 14:25:56,True
11003 - CALUIRE - LA ROCHETTE,Quai Gillet au  niveau de la place de la Rochette. Caluire et Cuire.,"{'lat': 45.791748, 'lng': 4.823595}",4,2025-06-02 14:25:56,True
3039 - PLACE BIR-HAKEIM,Au niveau de la rue Duvivier,"{'lat': 45.752553, 'lng': 4.855756}",0,2025-06-02 14:25:56,False
3053 - GAMBETTA / JUSSERAND,Angle cours Gambetta,"{'lat': 45.751123, 'lng': 4.855604}",3,2025-06-02 14:25:56,True
2040 - ST ANTOINE / GRENETTE,12 QUAI ST AINTOINE,"{'lat': 45.7633761875017, 'lng': 4.83212534541183}",11,2025-06-02 14:25:56,True
20002 - OULLINS - MAIRIE,,"{'lat': 45.714039, 'lng': 4.806642}",6,2025-06-02 14:25:56,True
2024 - HERRIOT / MAUPIN,Entre Herriot et République,"{'lat': 45.7590315857425, 'lng': 4.83390624960752}",12,2025-06-02 14:25:56,True
1035 - QUAI LASSAGNE,3 QUAI ANDRE LASSAGNE,"{'lat': 45.772191, 'lng': 4.837917}",1,2025-06-02 14:25:56,True
2014 - JACOBINS,3 RUE JEAN DE TOURNES,"{'lat': 45.760762, 'lng': 4.834305}",2,2025-06-02 14:25:56,True
6037 - CITÉ INTERNATIONALE / INTERPOL,Allée A. Lignon,"{'lat': 45.782287, 'lng': 4.849378}",12,2025-06-02 14:25:56,True
10083 - CHATEAU GAILLARD / BIENVENUS,2 RUE DES BIENVENUS,"{'lat': 45.777873, 'lng': 4.884238}",9,2025-06-02 14:25:56,True
2017 - RÉPUBLIQUE / FERRANDIÈRE,Rue de la République,"{'lat': 45.762184, 'lng': 4.836023}",16,2025-06-02 14:25:56,True
8057 - VIENNE / MONTAGNY,184 ROUTE DE VIENNE,"{'lat': 45.732483, 'lng': 4.853406}",6,2025-06-02 14:25:56,True
3014 - PART-DIEU/POMPIDOU,Sous le pont rail avenue Pompidou,"{'lat': 45.758925382147, 'lng': 4.86009777897893}",16,2025-06-02 14:25:56,True
3051 - PLACE HENRI,Angle rue Docteur Long/av. Lacassagne,"{'lat': 45.748193, 'lng': 4.880641}",1,2025-06-02 14:25:56,True
7014 - MARSEILLE / FÉLISSENT,"Rue Felissent, angle rue de Marseille","{'lat': 45.752989, 'lng': 4.841417}",1,2025-06-02 14:25:56,True
8007 - FRÈRES LUMIÈRE,Angle rue Villon,"{'lat': 45.745018, 'lng': 4.866424}",9,2025-06-02 14:25:56,True
9006 - THÉÂTRE NOUVELLE GÉNÉRATION,Rue Tissot / angle rue de Bourgogne,"{'lat': 45.777287, 'lng': 4.803297}",14,2025-06-02 14:25:56,True
10032 - PRIMAT / DECORPS,Rue Antoine Primat/Angle rue Decorps,"{'lat': 45.757173, 'lng': 4.89998}",8,2025-06-02 14:25:56,True
8021 - PAUL SANTY,Place Général André - Face au 126 avenue Paul Santy,"{'lat': 45.728542, 'lng': 4.877279}",6,2025-06-02 14:25:56,True
2001 - BELLECOUR / RÉPUBLIQUE,Angle République / rue de la Barre,"{'lat': 45.758, 'lng': 4.834594}",17,2025-06-02 14:25:56,True
2028 - SAINTE-BLANDINE,Face station tram Ste Blandine,"{'lat': 45.744438, 'lng': 4.822152}",13,2025-06-02 14:25:56,True
2006 - PLACE DE L'HIPPODROME,Angle cours Charlemagne,"{'lat': 45.745528, 'lng': 4.82359}",8,2025-06-02 14:25:56,True
3021 - PLACE DE LA FERRANDIÈRE,Intersection Ferrandière/Jasseron,"{'lat': 45.759488, 'lng': 4.869346}",3,2025-06-02 14:25:56,True
8059 - LAENNEC / PINEL,173 BVD PINEL (BRON),"{'lat': 45.735375, 'lng': 4.88954}",11,2025-06-02 14:25:56,True
1003 - PLACE SATHONAY,6 PLACE SATHONAY,"{'lat': 45.769289, 'lng': 4.830127}",1,2025-06-02 14:25:56,True
2011 - SALA / RUE DU PLAT,Face à la faculté catholique,"{'lat': 45.756813, 'lng': 4.828342}",0,2025-06-02 14:25:56,False
1001 - TERREAUX / TERME,Angle rue d'Algérie,"{'lat': 45.767736, 'lng': 4.832114}",1,2025-06-02 14:25:56,True
1016 - PÊCHERIE,Rue de la Platière - Angle quai de la Pêcherie,"{'lat': 45.765944, 'lng': 4.831089}",3,2025-06-02 14:25:56,True
7056 - PLACE RASPAIL,4 PLACE RASPAIL,"{'lat': 45.755783, 'lng': 4.840745}",15,2025-06-02 14:25:56,True
10103 - DOUA / RUE DES SPORTS,103 ave des Arts / rue des Sports,"{'lat': 45.784526, 'lng': 4.877482}",27,2025-06-02 14:25:56,True
10080 - VAILLANT / PERRONCEL,96 RUE ALEXIS PERRONCEL (VILLEURBANNE),"{'lat': 45.775409, 'lng': 4.880261}",4,2025-06-02 14:25:56,True
5032 - MÉNIVAL / EISENHOWER,,"{'lat': 45.756757, 'lng': 4.783206}",0,2025-06-02 14:25:56,False
3070 - REBATEL / SAINT-MAXIMIN,,"{'lat': 45.747835, 'lng': 4.872261}",1,2025-06-02 14:25:56,True
10074 - ZOLA / PASSAGE REY,Cours E. Zola / Angle passage Rey,"{'lat': 45.770099, 'lng': 4.876728}",15,2025-06-02 14:25:56,True
8015 - JEAN XXIII,RUE MARYSE BASTIE,"{'lat': 45.740324, 'lng': 4.874192}",10,2025-06-02 14:25:56,True
3089 - TRARIEUX / LACASSAGNE,221 AV. LACASSAGNE,"{'lat': 45.745304, 'lng': 4.888964}",0,2025-06-02 14:25:56,False
5055 - BUYER / APOLLINAIRE,101 AV. BARTHELEMY BUYER,"{'lat': 45.762013, 'lng': 4.802751}",1,2025-06-02 14:25:56,True
10048 - PLACE MARENGO,52 AV. MARC SANGNIER (VILLEURBANNE),"{'lat': 45.759176, 'lng': 4.875958}",4,2025-06-02 14:25:56,True
10115 - PLACE D'ESPAGNE / STADE KRUGER,173 AV. PAUL KRUGER (VILLEURBANNE),"{'lat': 45.754181, 'lng': 4.90528}",4,2025-06-02 14:25:56,True
10063 - PERRIN / JEAN JAURÈS,Face au 24 rue Antonin Perrin (Villeurbanne),"{'lat': 45.7579236990649, 'lng': 4.88526502910926}",2,2025-06-02 14:25:56,True
10045 - ALSACE ANATOLE FRANCE,,"{'lat': 45.766921, 'lng': 4.870087}",2,2025-06-02 14:25:56,True
3085 - SACRE COEUR,66 RUE ANTOINE CHARIAL,"{'lat': 45.757864, 'lng': 4.868337}",0,2025-06-02 14:25:56,False
3024 - ROCKEFELLER / ESQUIROL,Intersection Rockefeller / Esquirol,"{'lat': 45.741336, 'lng': 4.885538}",2,2025-06-02 14:25:56,True
2041 - SALA / CHARITÉ,44 RUE SALA,"{'lat': 45.754468, 'lng': 4.833041}",6,2025-06-02 14:25:56,True
10086 - ANATOLE FRANCE,Angle Rue de Préssensé / Flachet,"{'lat': 45.769837, 'lng': 4.889629}",3,2025-06-02 14:25:56,True
7011 - BERTHELOT / GARIBALDI,Rue Garibaldi - Angle avenue Berthelot,"{'lat': 45.743756, 'lng': 4.847406}",3,2025-06-02 14:25:56,True
10117 - LA PERRALIÈRE,166 RUE DU QUATRE AOUT (VILLEURBANNE),"{'lat': 45.764567, 'lng': 4.892349}",5,2025-06-02 14:25:56,True
9041 - CARRET / SÉDALLIAN,10 QUAI PAUL SEDAILLAN,"{'lat': 45.792478, 'lng': 4.820567}",14,2025-06-02 14:25:56,True
9043 - MARIETTON OUEST,,"{'lat': 45.776087, 'lng': 4.799725}",16,2025-06-02 14:25:56,True
1024 - ROUVILLE,PLACE ROUVILLE,"{'lat': 45.769684, 'lng': 4.824607}",1,2025-06-02 14:25:56,True
10035 - BOIRON GRANGER,43 RUE PIERRE BARATIN (VILLEURBANNE),"{'lat': 45.763139, 'lng': 4.900492}",1,2025-06-02 14:25:56,True
5005 - SAINT-PAUL,Près de la gare de St Paul,"{'lat': 45.766278, 'lng': 4.827425}",15,2025-06-02 14:25:56,True
4041 - BOUSSANGES / AUSTERLITZ,25 RUE D'AUSTERLITZ,"{'lat': 45.775070841112, 'lng': 4.83549930268728}",1,2025-06-02 14:25:56,True
6043 - CITÉ INTERNATIONALE / CINÉMA,80 QUAI CHARLES DE GAULLE,"{'lat': 45.784698, 'lng': 4.851896}",9,2025-06-02 14:25:56,True
7051 - GUILLOTIERE / NICOLAÏ,,"{'lat': 45.747933, 'lng': 4.856358}",2,2025-06-02 14:25:56,True
3088 - PLACE GUICHARD,65 RUE MAZENOD,"{'lat': 45.75882, 'lng': 4.846453}",8,2025-06-02 14:25:56,True
10059 - ANATOLE FRANCE / ZOLA,Rue Anatole France,"{'lat': 45.76884, 'lng': 4.884276}",8,2025-06-02 14:25:56,True
8040 - AMBROISE PARÉ,Face au 54 Boulevard Ambroise Paré,"{'lat': 45.736289, 'lng': 4.883667}",18,2025-06-02 14:25:56,True
9040 - PLACE RHODIACETA,1 PLACE DE LA RHODIACETA,"{'lat': 45.770991, 'lng': 4.807578}",0,2025-06-02 14:25:56,False
6016 - VIABERT / THIERS,Angle avenue Thiers,"{'lat': 45.766032, 'lng': 4.862063}",3,2025-06-02 14:25:56,True
6008 - PLACE JULES FERRY,17 PLACE JULES FERRY,"{'lat': 45.7684, 'lng': 4.858972}",2,2025-06-02 14:25:56,True
2019 - SUCRIERE,,"{'lat': 45.736216, 'lng': 4.815348}",0,2025-06-02 14:25:56,False
5004 - SAINT-JEAN,Entre la cathédrale et le funiculaire,"{'lat': 45.760468, 'lng': 4.826548}",13,2025-06-02 14:25:56,True
10030 - GREUZE,126 RUE DU 8 MAI 1945 (VILLEURBANNE),"{'lat': 45.773845, 'lng': 4.893851}",4,2025-06-02 14:25:56,True
10118 - VOYANT / CHAMBFORT,99 RUE PIERRE VOYANT (VILLEURBANNE),"{'lat': 45.767194, 'lng': 4.900597}",0,2025-06-02 14:25:56,False
8060 - SANTY / BEAUVISAGE,,"{'lat': 45.731708, 'lng': 4.874205}",1,2025-06-02 14:25:56,True
1022 - PLACE TOLOZAN,Place Tolozan - Angle nord-est de la place,"{'lat': 45.769508, 'lng': 4.837495}",25,2025-06-02 14:25:56,True
3031 - CORNEILLE / SERVIENT,Angle rue Servient,"{'lat': 45.759906, 'lng': 4.844511}",8,2025-06-02 14:25:56,True
10001 - IUT / FEYSSINE,rue de la Technologie,"{'lat': 45.785632, 'lng': 4.882366}",0,2025-06-02 14:25:56,False
3043 - PLACE ROUGET DE L'ISLE,Avenue Lacassagne,"{'lat': 45.753975, 'lng': 4.867336}",1,2025-06-02 14:25:56,True
6001 - GARE DES BROTTEAUX,Place Jules Ferry angle rue Général Brosset face à la gare des Brotteaux,"{'lat': 45.766893, 'lng': 4.858922}",6,2025-06-02 14:25:56,True
20001 - OULLINS - GARE,,"{'lat': 45.717001, 'lng': 4.814072}",16,2025-06-02 14:25:56,True
10114 - BEL AIR / LES BROSSES,2 AV. DU BEL AIR (VILLEURBANNE),"{'lat': 45.757931, 'lng': 4.910776}",15,2025-06-02 14:25:56,True
4008 - CLOS SAVARON,,"{'lat': 45.782631, 'lng': 4.825576}",3,2025-06-02 14:25:56,True
10071 - LYCÉE MARIE CURIE,64 BVD EUGENE REGUILLON (VILLEURBANNE),"{'lat': 45.761532, 'lng': 4.895763}",1,2025-06-02 14:25:56,True
10038 - CONDORCET,Bvd 11 Nov./prox. arret tram Condorcet,"{'lat': 45.779062, 'lng': 4.866874}",16,2025-06-02 14:25:56,True
10060 - SAINT EXUPÉRY,Avenue Antoine Saint Exupery,"{'lat': 45.758874, 'lng': 4.878683}",1,2025-06-02 14:25:56,True
4005 - PLACE BERTONE,Rue du Chariot d'Or,"{'lat': 45.77762, 'lng': 4.83453}",4,2025-06-02 14:25:56,True
7031 - JAURÈS / GERLAND,42 Rue de Gerland 69007 Lyon,"{'lat': 45.739827, 'lng': 4.840308}",14,2025-06-02 14:25:56,True
9050 - ALLEE DE L'EUROPE,AVENUE DU PLATEAU,"{'lat': 45.783698, 'lng': 4.794485}",1,2025-06-02 14:25:56,True
10087 - BARATIN,Face au 115 rue Pierre Baratin,"{'lat': 45.760603, 'lng': 4.900702}",6,2025-06-02 14:25:56,True
4026 - BIRMINGHAM,"Avenue Birmingham, sortie tunnel mode doux côté Saöne - 69000 Lyon","{'lat': 45.774632, 'lng': 4.813425}",13,2025-06-02 14:25:56,True
2020 - MUSÉE DES CONFLUENCES,Parvis du musée des confluences,"{'lat': 45.733388, 'lng': 4.818954}",8,2025-06-02 14:25:56,True
17003 - ST FONS - THEATRE,,"{'lat': 45.708123, 'lng': 4.861905}",11,2025-06-02 14:25:56,True
4001 - CONSERVATOIRE BIS,,"{'lat': 45.770392, 'lng': 4.814254}",9,2025-06-02 14:25:56,True
5007 - PLACE DE TRION,Place de Trion,"{'lat': 45.757916, 'lng': 4.81317}",1,2025-06-02 14:25:56,True
3015 - SERVIENT / GARIBALDI,Angle rue Garibaldi,"{'lat': 45.760779, 'lng': 4.85276}",17,2025-06-02 14:25:56,True
8037 - CAZENEUVE,Rue Paul Cazeneuve - Angle du boulevard des Etats-Unis,"{'lat': 45.734027, 'lng': 4.862906}",12,2025-06-02 14:25:56,True
3010 - PART-DIEU / CUIRASSIERS (FAR),Rue des Cuirassiers Lyon 3,"{'lat': 45.7589457457871, 'lng': 4.85624511710564}",25,2025-06-02 14:25:56,True
7018 - LYCEE LOUISE LABE,2 Rue Crépet 69007 Lyon,"{'lat': 45.740279, 'lng': 4.832061}",12,2025-06-02 14:25:56,True
2015 - RÉPUBLIQUE / STELLA,Côté est de la place,"{'lat': 45.760698, 'lng': 4.836279}",9,2025-06-02 14:25:56,True
10056 - 11 NOVEMBRE / GASTON BERGER,Avenue du 11 Nov./angle av Gaston Berger,"{'lat': 45.779066, 'lng': 4.871581}",23,2025-06-02 14:25:56,True
3029 - PLACE ARISTIDE BRIAND,Angle Gambetta,"{'lat': 45.752967, 'lng': 4.850271}",3,2025-06-02 14:25:56,True
10061 - RÉPUBLIQUE,Cours Emile Zola/Angle cours de la République,"{'lat': 45.7708541, 'lng': 4.8726116}",3,2025-06-02 14:25:56,True
4003 - PLACE COMMANDANT  ARNAUD,Angle rue de Belfort,"{'lat': 45.779731, 'lng': 4.834708}",9,2025-06-02 14:25:56,True
7064 - CROUS,96 RUE CHEVREUL,"{'lat': 45.74541, 'lng': 4.847843}",4,2025-06-02 14:25:56,True
4017 - PLACE DES TAPIS,Angle Bvd de la Croix-Rousse,"{'lat': 45.776002, 'lng': 4.829628}",16,2025-06-02 14:25:56,True
34001 - NEUVILLE - QUAI PASTEUR,,"{'lat': 45.876622, 'lng': 4.838578}",15,2025-06-02 14:25:56,True
3082 - SAXE / MONCEY,33 RUE MONCEY,"{'lat': 45.757578, 'lng': 4.846117}",8,2025-06-02 14:25:56,True
10046 - CHARMETTES/ZOLA,Rue des Charmettes/Angle Cours Emile Zola,"{'lat': 45.770705, 'lng': 4.867201}",2,2025-06-02 14:25:56,True
7046 - PLACE DE L'ECOLE,Angle rue de St Cloud,"{'lat': 45.730083, 'lng': 4.82781}",23,2025-06-02 14:25:56,True
7002 - UNIVERSITÉS LYON III / LYON II,Quai Claude Bernard,"{'lat': 45.7511023770123, 'lng': 4.83615396294288}",20,2025-06-02 14:25:56,True
3007 - PLACE D'ARSONVAL,A côté du stand de fleurs,"{'lat': 45.743396, 'lng': 4.87897}",12,2025-06-02 14:25:56,True
3006 - VILLETTE / SAINT-ANTOINE,,"{'lat': 45.762876, 'lng': 4.862249}",11,2025-06-02 14:25:56,True
6007 - MASSÉNA,Angle Cours Vitton,"{'lat': 45.769654, 'lng': 4.852366}",6,2025-06-02 14:25:56,True
1037 - CHAZETTE LASSAGNE,,"{'lat': 45.77291, 'lng': 4.837315}",4,2025-06-02 14:25:56,True
9051 - ANDREI SAKHAROV,373 AV. ANDREI SAKHAROV,"{'lat': 45.786546, 'lng': 4.797107}",0,2025-06-02 14:25:56,False
7012 - MERIEUX / PAVILLONS,246 RUE MARCEL MERIEUX,"{'lat': 45.7291359373026, 'lng': 4.8301170098658}",7,2025-06-02 14:25:56,True
7049 - CITÉ SCOLAIRE INTERNATIONALE,27–33 Rue Alexander Fleming 69007 Lyon,"{'lat': 45.727951, 'lng': 4.823563}",7,2025-06-02 14:25:56,True
6005 - PLACE EDGAR QUINET,Devant le lycée,"{'lat': 45.765811, 'lng': 4.844767}",3,2025-06-02 14:25:56,True
10102 - DOUA / GASTON BERGER,ave G. Berger,"{'lat': 45.781008, 'lng': 4.871219}",30,2025-06-02 14:25:56,True
6023 - QUAI SARRAIL,Niveau rue de Sèze,"{'lat': 45.766821, 'lng': 4.841095}",0,2025-06-02 14:25:56,False
7034 - PISCINE DU RHÔNE,Sur le quai devant l'entrée de la piscine,"{'lat': 45.753705, 'lng': 4.838283}",28,2025-06-02 14:25:56,True
1020 - TERREAUX / CHENAVARD,Rue Chenavard - Côté place des Terreaux,"{'lat': 45.766763, 'lng': 4.832942}",2,2025-06-02 14:25:56,True
10064 - 4 AOÛT 1789,Angle Rue Rollet/Blanqui,"{'lat': 45.764812, 'lng': 4.884311}",5,2025-06-02 14:25:56,True
8050 - BATAILLE / KRÜGER,,"{'lat': 45.736219, 'lng': 4.879855}",8,2025-06-02 14:25:56,True
10015 - POUDRETTE / MUSSET,,"{'lat': 45.757936, 'lng': 4.921156}",14,2025-06-02 14:25:56,True
7010 - CENTRE BERTHELOT,Rue Pasteur - Angle avenue Berthelot,"{'lat': 45.747358, 'lng': 4.836009}",7,2025-06-02 14:25:56,True
3033 - OL STADIUM ÉPHÉMÈRE,,"{'lat': 45.767881, 'lng': 4.981172}",1,2025-06-02 14:25:56,True
30001 - RILLIEUX - CANELLAS,,"{'lat': 45.805207, 'lng': 4.88477}",0,2025-06-02 14:25:56,False
8020 - MOULIN A VENT,,"{'lat': 45.729714, 'lng': 4.854338}",19,2025-06-02 14:25:56,True
10101 - EINSTEIN / 11 NOVEMBRE 1918,43 BVD DU 11 NOVEMBRE 1918 (VILLEURBANNE),"{'lat': 45.779429, 'lng': 4.873992}",28,2025-06-02 14:25:56,True
11001 - CALUIRE - GARE DE CUIRE,2 RUE CLAUDE BERNARD (CALUIRE ET CUIRE),"{'lat': 45.785796, 'lng': 4.833733}",10,2025-06-02 14:25:56,True
7022 - JAURÈS / LAGRANGE,16 Impasse du Pré Gaudry 69007 Lyon,"{'lat': 45.743975, 'lng': 4.841463}",26,2025-06-02 14:25:56,True
3102 - DOCTEUR LONG / CAILLE,135 COURS DOCTEUR LONG,"{'lat': 45.75254, 'lng': 4.894272}",2,2025-06-02 14:25:56,True
16004 - VENISSIEUX PARILLY,,"{'lat': 45.719746, 'lng': 4.888457}",17,2025-06-02 14:25:56,True
10088 - 4 AOÛT 1789 / PRESSENSÉ,COURS EMILE ZOLA (VILLEURBANNE),"{'lat': 45.76611, 'lng': 4.898539}",3,2025-06-02 14:25:56,True
7020 - PARC DE GERLAND,Allée Pierre de Coubertin,"{'lat': 45.724352, 'lng': 4.826821}",22,2025-06-02 14:25:56,True
10031 - CROIX LUIZET,sur la place Croix Luizet,"{'lat': 45.780679, 'lng': 4.88356}",7,2025-06-02 14:25:56,True
5054 - CHAMPVERT,192 AV. BARTHELEMY BUYER,"{'lat': 45.763906, 'lng': 4.792643}",2,2025-06-02 14:25:56,True
7025 - LACOUR / ARTILLERIE,,"{'lat': 45.729454, 'lng': 4.844228}",17,2025-06-02 14:25:56,True
4011 - PLACE JOANNÈS AMBRE,Place Jean Ambre,"{'lat': 45.781574, 'lng': 4.832866}",12,2025-06-02 14:25:56,True
1002 - OPÉRA,Angle rue Serlin - Angle place de la comédie,"{'lat': 45.767611, 'lng': 4.836619}",29,2025-06-02 14:25:56,True
2042 - JOFFRE / VAUBECOUR,43 RUE VAUBECOUR,"{'lat': 45.751873, 'lng': 4.824763}",2,2025-06-02 14:25:56,True
16003 - VÉNISSIEUX - JOLIOT CURIE / SEMBAT,,"{'lat': 45.71532, 'lng': 4.878337}",9,2025-06-02 14:25:56,True
9032 - PLACE DU PORT MOUTON,"Quai Arloing, Côté Saône","{'lat': 45.773815, 'lng': 4.809566}",5,2025-06-02 14:25:56,True
14005 - BRON - UNIVERSITE,,"{'lat': 45.72284, 'lng': 4.915219}",10,2025-06-02 14:25:56,True
11002 - CALUIRE - SAINT-CLAIR,49 COURS ARISTIDE BRIAND (CALUIRE),"{'lat': 45.785465, 'lng': 4.847838}",4,2025-06-02 14:25:56,True
3003 - PART-DIEU / DERUELLE,"Face rue Massena, entrée centre commercial","{'lat': 45.762974, 'lng': 4.855071}",8,2025-06-02 14:25:56,True
9002 - MAIRIE DU 9E,Prox. métro Valmy,"{'lat': 45.774241, 'lng': 4.805676}",5,2025-06-02 14:25:56,True
10116 - BLUM / FAYS,,"{'lat': 45.760526, 'lng': 4.905877}",7,2025-06-02 14:25:56,True
10010 - BAUDIN / ZOLA,"12 rue baudin
Villeurbanne","{'lat': 45.7651045967603, 'lng': 4.90512854660767}",2,2025-06-02 14:25:56,True
10039 - BOUVIER,Rue Professeur Bouvier/Angle rue du 8 mai 1945,"{'lat': 45.779487, 'lng': 4.891692}",11,2025-06-02 14:25:56,True
6006 - BOULEVARD DES BELGES,Boulevard des Belges - Angle rue Duquesne,"{'lat': 45.773304, 'lng': 4.852001}",3,2025-06-02 14:25:56,True
12005 - VAULX - VILLAGE,,"{'lat': 45.786262, 'lng': 4.926788}",10,2025-06-02 14:25:56,True
10002 - INSA,Avenue Albert Einstein au niveau du virage,"{'lat': 45.782222, 'lng': 4.876951}",44,2025-06-02 14:25:56,True
7016 - PLACE SAINT LOUIS,Rue de la Madeleine - Angle rue St Lazarre,"{'lat': 45.748925, 'lng': 4.847714}",15,2025-06-02 14:25:56,True
5008 - SAINTE-IRÉNÉE,Place Sainte Irénée,"{'lat': 45.754978, 'lng': 4.812427}",15,2025-06-02 14:25:56,True
27001 - COLLONGES - GARE,,"{'lat': 45.830874, 'lng': 4.846988}",15,2025-06-02 14:25:56,True
34002 - NEUVILLE - STADE,,"{'lat': 45.870877, 'lng': 4.839595}",13,2025-06-02 14:25:56,True
12004 - VAULX - HÔTEL DE VILLE,,"{'lat': 45.778178, 'lng': 4.920544}",18,2025-06-02 14:25:56,True
10054 - STALINGRAD / MELIÈS,RUE GEORGES MELIES (VILLEURBANNE),"{'lat': 45.776715, 'lng': 4.859573}",18,2025-06-02 14:25:56,True
1021 - TERREAUX / BEAUX ARTS,Rue Herriot - Devant Musée des Beaux Arts,"{'lat': 45.767062, 'lng': 4.834294}",3,2025-06-02 14:25:56,True
2007 - PATINOIRE CHARLEMAGNE,Angle rue Casimir Périer,"{'lat': 45.742617, 'lng': 4.820464}",23,2025-06-02 14:25:56,True
8004 - MAIRIE DU 8E,Devant la mairie du 8e,"{'lat': 45.735158, 'lng': 4.872803}",6,2025-06-02 14:25:56,True
3044 - QUAI AUGAGNEUR,Entre rue de Bonnel et rue Rabelais,"{'lat': 45.762023, 'lng': 4.841053}",3,2025-06-02 14:25:56,True
33001 - ALBIGNY - GARE,,"{'lat': 45.874978, 'lng': 4.833024}",5,2025-06-02 14:25:56,True
16005 - VENISSIEUX - GARE,,"{'lat': 45.708509, 'lng': 4.886939}",9,2025-06-02 14:25:56,True
10019 - 4 AOUT / RACINE,,"{'lat': 45.764489, 'lng': 4.877894}",1,2025-06-02 14:25:56,True
10025 - TOTEM,,"{'lat': 45.763652, 'lng': 4.873158}",3,2025-06-02 14:25:56,True
8034 - BERTHELOT / VILLON,Angle avenue Berthelot,"{'lat': 45.738301, 'lng': 4.862727}",3,2025-06-02 14:25:56,True
3084 - DESAIX,143 RUE PAUL BERT,"{'lat': 45.757268, 'lng': 4.855193}",14,2025-06-02 14:25:56,True
5026 - RUE DE LA BALEINE,Angle quai Romain Rolland,"{'lat': 45.763383, 'lng': 4.829024}",2,2025-06-02 14:25:56,True
3038 - VIVIER MERLE / PAUL BERT EST,Devant le bâtiment du Klesia,"{'lat': 45.757147, 'lng': 4.858975}",5,2025-06-02 14:25:56,True
11005 - CALUIRE - PASSERELLE DE LA PAIX,,"{'lat': 45.787941, 'lng': 4.853035}",6,2025-06-02 14:25:56,True
3019 - PART-DIEU / DERUELLE,Intersection Bd Vivier Merle - Rue Eugène Deruelle Lyon 3,"{'lat': 45.76326, 'lng': 4.85749}",3,2025-06-02 14:25:56,True
3079 - PLACE LOUISE,4 PLACE LOUISE,"{'lat': 45.75118, 'lng': 4.884795}",1,2025-06-02 14:25:56,True
2025 - MERCIÈRE / FERRANDIÈRE,Entre rue de Brest et rue Mercière,"{'lat': 45.762054, 'lng': 4.833194}",0,2025-06-02 14:25:56,False
7004 - MAIRIE DU 7E,Place Jean Macé - Face à la mairie,"{'lat': 45.74656, 'lng': 4.842265}",12,2025-06-02 14:25:56,True
5031- MÉNIVAL / JOLIOT CURIE,49 RUE JOLIOT CURIE,"{'lat': 45.754654, 'lng': 4.78821}",2,2025-06-02 14:25:56,True
12003 - VAULX - BIBLIOTHEQUE,,"{'lat': 45.757092, 'lng': 4.92731}",9,2025-06-02 14:25:56,True
25001 - ST CYR,,"{'lat': 45.799742, 'lng': 4.819607}",6,2025-06-02 14:25:56,True
5041 - L'HOMME DE LA ROCHE,55 QUAI PIERRE SCIZE,"{'lat': 45.766576, 'lng': 4.820214}",4,2025-06-02 14:25:56,True
5009 - PLACE ENNEMOND FOUSSERET,angle quai de Bondy,"{'lat': 45.764695, 'lng': 4.828969}",5,2025-06-02 14:25:56,True
3034 - GARIBALDI / PENSIONNAT,,"{'lat': 45.754727, 'lng': 4.85346}",7,2025-06-02 14:25:56,True
8030 - LAËNNEC,Angle rue Nungesser et Coli,"{'lat': 45.741425, 'lng': 4.879733}",1,2025-06-02 14:25:56,True
5036 - LA SALETTE,104 RUE DU COMMANDANT CHARCOT,"{'lat': 45.749627, 'lng': 4.795546}",3,2025-06-02 14:25:56,True
8003 - CLAUDE BERNARD LYON I,Devant entrée de la fac,"{'lat': 45.738135, 'lng': 4.886885}",1,2025-06-02 14:25:56,True
3100 - SISLEY / DAUPHINE,61 RUE DU DAUPHINE,"{'lat': 45.7524835251712, 'lng': 4.8687553636982}",6,2025-06-02 14:25:56,True
28002 - FONTAINES S/S - GAMBETTA,,"{'lat': 45.835406, 'lng': 4.8457}",14,2025-06-02 14:25:56,True
10027 - MAIRIE DE VILLEURBANNE,"Avenue Aristide Briand, en face de la mairie","{'lat': 45.766861, 'lng': 4.880059}",11,2025-06-02 14:25:56,True
1012 - AMPÈRE / BOURSE,Rue de la Bourse - Long du Collège-Lycée Ampère,"{'lat': 45.765789, 'lng': 4.836906}",4,2025-06-02 14:25:56,True
10036 - STALINGRAD,Boulevard Stalingrad/angle rue Charlie Chaplin,"{'lat': 45.77435, 'lng': 4.859157}",15,2025-06-02 14:25:56,True
2018 - HOTEL DIEU / PONT DE LA GUILLOTIERE,,"{'lat': 45.757571, 'lng': 4.837183}",20,2025-06-02 14:25:56,True
2030 - RÉPUBLIQUE / POULAILLERIE,Angle Poulaillerie / République,"{'lat': 45.764079, 'lng': 4.835554}",15,2025-06-02 14:25:56,True
8051 - HÔPITAL SAINT-JEAN DE DIEU,303 ROUTE DE VIENNE (VENISSIEUX),"{'lat': 45.724172, 'lng': 4.854165}",12,2025-06-02 14:25:56,True
7057 - JAURES / BOLLIER,217b–221 Avenue Jean Jaurès 69007 Lyon,"{'lat': 45.734712, 'lng': 4.835486}",29,2025-06-02 14:25:56,True
17001 - ST FONS - ARSENAL,,"{'lat': 45.712362, 'lng': 4.855202}",22,2025-06-02 14:25:56,True
7052 - PARC BLANDAN,Rue de l'Epargne,"{'lat': 45.745939, 'lng': 4.851214}",2,2025-06-02 14:25:56,True
7001 - PLACE GABRIEL PÉRI,Place Gabriel Péri,"{'lat': 45.7550229384571, 'lng': 4.84393624921001}",20,2025-06-02 14:25:56,True
6036 - MUSÉE D'ART CONTEMPORAIN,Allée A. Lignon,"{'lat': 45.783885, 'lng': 4.852156}",18,2025-06-02 14:25:56,True
7005 - DEBOURG,Avenue Debourg - Angle avenue Jean Jaurès,"{'lat': 45.73182, 'lng': 4.833996}",12,2025-06-02 14:25:56,True
8052 - CLINIQUE MONPLAISIR,2 AV. DES FRERES LUMIERE,"{'lat': 45.747091, 'lng': 4.860196}",3,2025-06-02 14:25:56,True
6011- MAIRIE DU 6E,Angle rue Boileau,"{'lat': 45.768395, 'lng': 4.849402}",5,2025-06-02 14:25:56,True
7061 - JAURES / UNIVERSITE,64 AV. JEAN JAURES,"{'lat': 45.748545, 'lng': 4.843249}",6,2025-06-02 14:25:56,True
10013 - CUSSET,103 RUE PIERRE VOYANT (VILLEURBANNE),"{'lat': 45.764961, 'lng': 4.901018}",3,2025-06-02 14:25:56,True
2005 - CONFLUENCE HÔTEL DE RÉGION,101 cours Charlemagne Lyon 2 direction centre ville. Devant l'hôtel de Région,"{'lat': 45.740675, 'lng': 4.819284}",24,2025-06-02 14:25:56,True
1032 - PIZAY,17 RUE PIZAY,"{'lat': 45.767165, 'lng': 4.836334}",19,2025-06-02 14:25:56,True
5030 - CHARCOT / RÉSIDENCE UNIVERSITAIRE,Angle rue du fort Ste Irénée / Charcot,"{'lat': 45.755054, 'lng': 4.807811}",0,2025-06-02 14:25:56,False
8039 - PIERRE DELORE,97 ROUTE DE VIENNE,"{'lat': 45.738617, 'lng': 4.852412}",3,2025-06-02 14:25:56,True
7062 - GARIBALDI / DOMER,51 RUE DOMER,"{'lat': 45.747735, 'lng': 4.85162}",3,2025-06-02 14:25:56,True
2002 - BELLECOUR / ST EXUPÉRY,PLACE BELLECOUR Côté rue Lintier,"{'lat': 45.758149, 'lng': 4.830428}",12,2025-06-02 14:25:56,True
3087 - PART-DIEU / GARIBALDI,4 BVD EUGENE DERUELLE,"{'lat': 45.762768, 'lng': 4.852563}",14,2025-06-02 14:25:56,True
9004 - GARE DE VAISE,Face entrée de la gare,"{'lat': 45.779786, 'lng': 4.804666}",3,2025-06-02 14:25:56,True
8002- PLACE AMBROISE COURTOIS,Face au cours Albert Thomas,"{'lat': 45.745296, 'lng': 4.871604}",1,2025-06-02 14:25:56,True
10007 - PIATON / CONDORCET,Av Piaton / angle Condorcet,"{'lat': 45.774204, 'lng': 4.867512}",7,2025-06-02 14:25:56,True
9033 - GORGE DE LOUP,49 RUE SGT BERTHET,"{'lat': 45.767484, 'lng': 4.805626}",1,2025-06-02 14:25:56,True
5001 - PLACE VARILLON (FUNICULAIRE ST JUST),Devant le n°63 rue de Trion,"{'lat': 45.757319, 'lng': 4.815064}",5,2025-06-02 14:25:56,True
3018 - CRÉQUI / VOLTAIRE,Angle rue Paul Bert,"{'lat': 45.756596, 'lng': 4.848442}",3,2025-06-02 14:25:56,True
